P_ID,P_IMG1,P_IMG2,P_IMG3,P_IMG4,P_IMG5,P_IMG6,P_IMG7,P_IMG8,P_IMG9,P_IMG10
1,/resources/image/flower-images/air-purifying-plants/air-purifying-plants_01/01.PNG,/resources/image/flower-images/air-purifying-plants/air-purifying-plants_01/02.PNG,/resources/image/flower-images/air-purifying-plants/air-purifying-plants_01/03.PNG,/resources/image/flower-images/air-purifying-plants/air-purifying-plants_01/04.PNG,/resources/image/flower-images/air-purifying-plants/air-purifying-plants_01/05.PNG,,,,,
2,/resources/image/flower-images/air-purifying-plants/air-purifying-plants_02/01.PNG,/resources/image/flower-images/air-purifying-plants/air-purifying-plants_02/02.PNG,/resources/image/flower-images/air-purifying-plants/air-purifying-plants_02/03.PNG,/resources/image/flower-images/air-purifying-plants/air-purifying-plants_02/04.PNG,/resources/image/flower-images/air-purifying-plants/air-purifying-plants_02/05.PNG,/resources/image/flower-images/air-purifying-plants/air-purifying-plants_02/06.PNG,/resources/image/flower-images/air-purifying-plants/air-purifying-plants_02/07.PNG,,,
3,/resources/image/flower-images/air-purifying-plants/air-purifying-plants_03/01.PNG,/resources/image/flower-images/air-purifying-plants/air-purifying-plants_03/02.PNG,/resources/image/flower-images/air-purifying-plants/air-purifying-plants_03/03.PNG,/resources/image/flower-images/air-purifying-plants/air-purifying-plants_03/04.PNG,/resources/image/flower-images/air-purifying-plants/air-purifying-plants_03/05.PNG,/resources/image/flower-images/air-purifying-plants/air-purifying-plants_03/06.PNG,/resources/image/flower-images/air-purifying-plants/air-purifying-plants_03/07.PNG,,,
4,/resources/image/flower-images/air-purifying-plants/air-purifying-plants_04/01.PNG,/resources/image/flower-images/air-purifying-plants/air-purifying-plants_04/02.PNG,/resources/image/flower-images/air-purifying-plants/air-purifying-plants_04/03.PNG,/resources/image/flower-images/air-purifying-plants/air-purifying-plants_04/04.PNG,/resources/image/flower-images/air-purifying-plants/air-purifying-plants_04/05.PNG,/resources/image/flower-images/air-purifying-plants/air-purifying-plants_04/06.PNG,,,,
5,/resources/image/flower-images/air-purifying-plants/air-purifying-plants_05/01.PNG,/resources/image/flower-images/air-purifying-plants/air-purifying-plants_05/02.PNG,/resources/image/flower-images/air-purifying-plants/air-purifying-plants_05/03.PNG,/resources/image/flower-images/air-purifying-plants/air-purifying-plants_05/04.PNG,/resources/image/flower-images/air-purifying-plants/air-purifying-plants_05/05.PNG,/resources/image/flower-images/air-purifying-plants/air-purifying-plants_05/06.PNG,,,,
6,/resources/image/flower-images/air-purifying-plants/air-purifying-plants_06/01.PNG,/resources/image/flower-images/air-purifying-plants/air-purifying-plants_06/02.PNG,/resources/image/flower-images/air-purifying-plants/air-purifying-plants_06/03.PNG,/resources/image/flower-images/air-purifying-plants/air-purifying-plants_06/04.PNG,/resources/image/flower-images/air-purifying-plants/air-purifying-plants_06/05.PNG,/resources/image/flower-images/air-purifying-plants/air-purifying-plants_06/06.PNG,,,,
7,/resources/image/flower-images/air-purifying-plants/air-purifying-plants_07/01.PNG,/resources/image/flower-images/air-purifying-plants/air-purifying-plants_07/02.PNG,/resources/image/flower-images/air-purifying-plants/air-purifying-plants_07/03.PNG,/resources/image/flower-images/air-purifying-plants/air-purifying-plants_07/04.PNG,/resources/image/flower-images/air-purifying-plants/air-purifying-plants_07/05.PNG,/resources/image/flower-images/air-purifying-plants/air-purifying-plants_07/06.PNG,/resources/image/flower-images/air-purifying-plants/air-purifying-plants_07/07.PNG,/resources/image/flower-images/air-purifying-plants/air-purifying-plants_07/08.PNG,/resources/image/flower-images/air-purifying-plants/air-purifying-plants_07/09.PNG,
8,/resources/image/flower-images/air-purifying-plants/air-purifying-plants_08/01.PNG,/resources/image/flower-images/air-purifying-plants/air-purifying-plants_08/02.PNG,/resources/image/flower-images/air-purifying-plants/air-purifying-plants_08/03.PNG,/resources/image/flower-images/air-purifying-plants/air-purifying-plants_08/04.PNG,/resources/image/flower-images/air-purifying-plants/air-purifying-plants_08/05.PNG,/resources/image/flower-images/air-purifying-plants/air-purifying-plants_08/06.PNG,,,,
9,/resources/image/flower-images/air-purifying-plants/air-purifying-plants_09/01.PNG,/resources/image/flower-images/air-purifying-plants/air-purifying-plants_09/02.PNG,/resources/image/flower-images/air-purifying-plants/air-purifying-plants_09/03.PNG,/resources/image/flower-images/air-purifying-plants/air-purifying-plants_09/04.PNG,/resources/image/flower-images/air-purifying-plants/air-purifying-plants_09/05.PNG,/resources/image/flower-images/air-purifying-plants/air-purifying-plants_09/06.PNG,/resources/image/flower-images/air-purifying-plants/air-purifying-plants_09/07.PNG,,,
10,/resources/image/flower-images/air-purifying-plants/air-purifying-plants_10/01.PNG,/resources/image/flower-images/air-purifying-plants/air-purifying-plants_10/02.PNG,/resources/image/flower-images/air-purifying-plants/air-purifying-plants_10/03.PNG,/resources/image/flower-images/air-purifying-plants/air-purifying-plants_10/04.PNG,/resources/image/flower-images/air-purifying-plants/air-purifying-plants_10/05.PNG,/resources/image/flower-images/air-purifying-plants/air-purifying-plants_10/06.PNG,/resources/image/flower-images/air-purifying-plants/air-purifying-plants_10/07.PNG,/resources/image/flower-images/air-purifying-plants/air-purifying-plants_10/08.PNG,/resources/image/flower-images/air-purifying-plants/air-purifying-plants_10/09.PNG,
11,/resources/image/flower-images/air-purifying-plants/air-purifying-plants_11/01.PNG,/resources/image/flower-images/air-purifying-plants/air-purifying-plants_11/02.PNG,/resources/image/flower-images/air-purifying-plants/air-purifying-plants_11/03.PNG,/resources/image/flower-images/air-purifying-plants/air-purifying-plants_11/04.PNG,/resources/image/flower-images/air-purifying-plants/air-purifying-plants_11/05.PNG,/resources/image/flower-images/air-purifying-plants/air-purifying-plants_11/06.PNG,,,,
12,/resources/image/flower-images/air-purifying-plants/air-purifying-plants_12/01.PNG,/resources/image/flower-images/air-purifying-plants/air-purifying-plants_12/02.PNG,/resources/image/flower-images/air-purifying-plants/air-purifying-plants_12/03.PNG,/resources/image/flower-images/air-purifying-plants/air-purifying-plants_12/04.PNG,/resources/image/flower-images/air-purifying-plants/air-purifying-plants_12/05.PNG,,,,,
13,/resources/image/flower-images/air-purifying-plants/air-purifying-plants_13/01.PNG,/resources/image/flower-images/air-purifying-plants/air-purifying-plants_13/02.PNG,/resources/image/flower-images/air-purifying-plants/air-purifying-plants_13/03.PNG,/resources/image/flower-images/air-purifying-plants/air-purifying-plants_13/04.PNG,/resources/image/flower-images/air-purifying-plants/air-purifying-plants_13/05.PNG,/resources/image/flower-images/air-purifying-plants/air-purifying-plants_13/06.PNG,/resources/image/flower-images/air-purifying-plants/air-purifying-plants_13/07.PNG,,,
14,/resources/image/flower-images/air-purifying-plants/air-purifying-plants_14/01.PNG,/resources/image/flower-images/air-purifying-plants/air-purifying-plants_14/02.PNG,/resources/image/flower-images/air-purifying-plants/air-purifying-plants_14/03.PNG,/resources/image/flower-images/air-purifying-plants/air-purifying-plants_14/04.PNG,/resources/image/flower-images/air-purifying-plants/air-purifying-plants_14/05.PNG,,,,,
15,/resources/image/flower-images/air-purifying-plants/air-purifying-plants_15/01.PNG,/resources/image/flower-images/air-purifying-plants/air-purifying-plants_15/02.PNG,/resources/image/flower-images/air-purifying-plants/air-purifying-plants_15/03.PNG,/resources/image/flower-images/air-purifying-plants/air-purifying-plants_15/04.PNG,/resources/image/flower-images/air-purifying-plants/air-purifying-plants_15/05.PNG,/resources/image/flower-images/air-purifying-plants/air-purifying-plants_15/06.PNG,/resources/image/flower-images/air-purifying-plants/air-purifying-plants_15/07.PNG,,,
16,/resources/image/flower-images/artificial-flower/artificial-flower_01/01.PNG,/resources/image/flower-images/artificial-flower/artificial-flower_01/02.PNG,/resources/image/flower-images/artificial-flower/artificial-flower_01/03.PNG,/resources/image/flower-images/artificial-flower/artificial-flower_01/04.PNG,/resources/image/flower-images/artificial-flower/artificial-flower_01/05.PNG,/resources/image/flower-images/artificial-flower/artificial-flower_01/06.PNG,/resources/image/flower-images/artificial-flower/artificial-flower_01/07.PNG,/resources/image/flower-images/artificial-flower/artificial-flower_01/08.PNG,/resources/image/flower-images/artificial-flower/artificial-flower_01/09.PNG,/resources/image/flower-images/artificial-flower/artificial-flower_01/10.PNG
17,/resources/image/flower-images/artificial-flower/artificial-flower_02/01.PNG,/resources/image/flower-images/artificial-flower/artificial-flower_02/02.PNG,/resources/image/flower-images/artificial-flower/artificial-flower_02/03.PNG,/resources/image/flower-images/artificial-flower/artificial-flower_02/04.PNG,/resources/image/flower-images/artificial-flower/artificial-flower_02/05.PNG,,,,,
18,/resources/image/flower-images/artificial-flower/artificial-flower_03/01.PNG,/resources/image/flower-images/artificial-flower/artificial-flower_03/02.PNG,/resources/image/flower-images/artificial-flower/artificial-flower_03/03.PNG,/resources/image/flower-images/artificial-flower/artificial-flower_03/04.PNG,/resources/image/flower-images/artificial-flower/artificial-flower_03/05.PNG,,,,,
19,/resources/image/flower-images/artificial-flower/artificial-flower_04/01.PNG,/resources/image/flower-images/artificial-flower/artificial-flower_04/02.PNG,/resources/image/flower-images/artificial-flower/artificial-flower_04/03.PNG,/resources/image/flower-images/artificial-flower/artificial-flower_04/04.PNG,/resources/image/flower-images/artificial-flower/artificial-flower_04/05.PNG,,,,,
20,/resources/image/flower-images/artificial-flower/artificial-flower_05/01.PNG,/resources/image/flower-images/artificial-flower/artificial-flower_05/02.PNG,/resources/image/flower-images/artificial-flower/artificial-flower_05/03.PNG,/resources/image/flower-images/artificial-flower/artificial-flower_05/04.PNG,/resources/image/flower-images/artificial-flower/artificial-flower_05/05.PNG,/resources/image/flower-images/artificial-flower/artificial-flower_05/06.PNG,,,,
21,/resources/image/flower-images/artificial-flower/artificial-flower_06/01.PNG,/resources/image/flower-images/artificial-flower/artificial-flower_06/02.PNG,/resources/image/flower-images/artificial-flower/artificial-flower_06/03.PNG,/resources/image/flower-images/artificial-flower/artificial-flower_06/04.PNG,/resources/image/flower-images/artificial-flower/artificial-flower_06/05.PNG,,,,,
22,/resources/image/flower-images/artificial-flower/artificial-flower_07/01.PNG,/resources/image/flower-images/artificial-flower/artificial-flower_07/02.PNG,/resources/image/flower-images/artificial-flower/artificial-flower_07/03.PNG,/resources/image/flower-images/artificial-flower/artificial-flower_07/04.PNG,/resources/image/flower-images/artificial-flower/artificial-flower_07/05.PNG,,,,,
23,/resources/image/flower-images/artificial-flower/artificial-flower_08/01.PNG,/resources/image/flower-images/artificial-flower/artificial-flower_08/02.PNG,/resources/image/flower-images/artificial-flower/artificial-flower_08/03.PNG,/resources/image/flower-images/artificial-flower/artificial-flower_08/04.PNG,/resources/image/flower-images/artificial-flower/artificial-flower_08/05.PNG,,,,,
24,/resources/image/flower-images/artificial-flower/artificial-flower_09/01.PNG,/resources/image/flower-images/artificial-flower/artificial-flower_09/02.PNG,/resources/image/flower-images/artificial-flower/artificial-flower_09/03.PNG,/resources/image/flower-images/artificial-flower/artificial-flower_09/04.PNG,/resources/image/flower-images/artificial-flower/artificial-flower_09/05.PNG,,,,,
25,/resources/image/flower-images/artificial-flower/artificial-flower_10/01.PNG,/resources/image/flower-images/artificial-flower/artificial-flower_10/02.PNG,/resources/image/flower-images/artificial-flower/artificial-flower_10/03.PNG,/resources/image/flower-images/artificial-flower/artificial-flower_10/04.PNG,/resources/image/flower-images/artificial-flower/artificial-flower_10/05.PNG,,,,,
26,/resources/image/flower-images/artificial-flower/artificial-flower_11/01.PNG,/resources/image/flower-images/artificial-flower/artificial-flower_11/02.PNG,/resources/image/flower-images/artificial-flower/artificial-flower_11/03.PNG,/resources/image/flower-images/artificial-flower/artificial-flower_11/04.PNG,/resources/image/flower-images/artificial-flower/artificial-flower_11/05.PNG,/resources/image/flower-images/artificial-flower/artificial-flower_11/06.PNG,,,,
27,/resources/image/flower-images/artificial-flower/artificial-flower_12/01.PNG,/resources/image/flower-images/artificial-flower/artificial-flower_12/02.PNG,/resources/image/flower-images/artificial-flower/artificial-flower_12/03.PNG,/resources/image/flower-images/artificial-flower/artificial-flower_12/04.PNG,/resources/image/flower-images/artificial-flower/artificial-flower_12/05.PNG,,,,,
28,/resources/image/flower-images/bouquet/bouquet_01/01.PNG,/resources/image/flower-images/bouquet/bouquet_01/02.PNG,/resources/image/flower-images/bouquet/bouquet_01/03.PNG,/resources/image/flower-images/bouquet/bouquet_01/04.PNG,/resources/image/flower-images/bouquet/bouquet_01/05.PNG,/resources/image/flower-images/bouquet/bouquet_01/06.PNG,/resources/image/flower-images/bouquet/bouquet_01/07.PNG,/resources/image/flower-images/bouquet/bouquet_01/08.PNG,/resources/image/flower-images/bouquet/bouquet_01/09.PNG,
29,/resources/image/flower-images/bouquet/bouquet_02/01.PNG,/resources/image/flower-images/bouquet/bouquet_02/02.PNG,/resources/image/flower-images/bouquet/bouquet_02/03.PNG,/resources/image/flower-images/bouquet/bouquet_02/04.PNG,/resources/image/flower-images/bouquet/bouquet_02/05.PNG,/resources/image/flower-images/bouquet/bouquet_02/06.PNG,,,,
30,/resources/image/flower-images/bouquet/bouquet_03/01.PNG,/resources/image/flower-images/bouquet/bouquet_03/02.PNG,/resources/image/flower-images/bouquet/bouquet_03/03.PNG,/resources/image/flower-images/bouquet/bouquet_03/04.PNG,/resources/image/flower-images/bouquet/bouquet_03/05.PNG,/resources/image/flower-images/bouquet/bouquet_03/06.PNG,/resources/image/flower-images/bouquet/bouquet_03/07.PNG,/resources/image/flower-images/bouquet/bouquet_03/08.PNG,,
31,/resources/image/flower-images/bouquet/bouquet_04/01.PNG,/resources/image/flower-images/bouquet/bouquet_04/02.PNG,/resources/image/flower-images/bouquet/bouquet_04/03.PNG,/resources/image/flower-images/bouquet/bouquet_04/04.PNG,/resources/image/flower-images/bouquet/bouquet_04/05.PNG,/resources/image/flower-images/bouquet/bouquet_04/06.PNG,/resources/image/flower-images/bouquet/bouquet_04/07.PNG,/resources/image/flower-images/bouquet/bouquet_04/08.PNG,/resources/image/flower-images/bouquet/bouquet_04/09.PNG,
32,/resources/image/flower-images/bouquet/bouquet_05/01.PNG,/resources/image/flower-images/bouquet/bouquet_05/02.PNG,/resources/image/flower-images/bouquet/bouquet_05/03.PNG,/resources/image/flower-images/bouquet/bouquet_05/04.PNG,/resources/image/flower-images/bouquet/bouquet_05/05.PNG,/resources/image/flower-images/bouquet/bouquet_05/06.PNG,/resources/image/flower-images/bouquet/bouquet_05/07.PNG,/resources/image/flower-images/bouquet/bouquet_05/08.PNG,/resources/image/flower-images/bouquet/bouquet_05/09.PNG,
33,/resources/image/flower-images/bouquet/bouquet_06/01.PNG,/resources/image/flower-images/bouquet/bouquet_06/02.PNG,/resources/image/flower-images/bouquet/bouquet_06/03.PNG,/resources/image/flower-images/bouquet/bouquet_06/04.PNG,/resources/image/flower-images/bouquet/bouquet_06/05.PNG,/resources/image/flower-images/bouquet/bouquet_06/06.PNG,/resources/image/flower-images/bouquet/bouquet_06/07.PNG,,,
34,/resources/image/flower-images/bouquet/bouquet_07/01.PNG,/resources/image/flower-images/bouquet/bouquet_07/02.PNG,/resources/image/flower-images/bouquet/bouquet_07/03.PNG,/resources/image/flower-images/bouquet/bouquet_07/04.PNG,/resources/image/flower-images/bouquet/bouquet_07/05.PNG,/resources/image/flower-images/bouquet/bouquet_07/06.PNG,,,,
35,/resources/image/flower-images/bouquet/bouquet_08/01.PNG,/resources/image/flower-images/bouquet/bouquet_08/02.PNG,/resources/image/flower-images/bouquet/bouquet_08/03.PNG,/resources/image/flower-images/bouquet/bouquet_08/04.PNG,/resources/image/flower-images/bouquet/bouquet_08/05.PNG,,,,,
36,/resources/image/flower-images/bouquet/bouquet_09/01.PNG,/resources/image/flower-images/bouquet/bouquet_09/02.PNG,/resources/image/flower-images/bouquet/bouquet_09/03.PNG,/resources/image/flower-images/bouquet/bouquet_09/04.PNG,/resources/image/flower-images/bouquet/bouquet_09/05.PNG,,,,,
37,/resources/image/flower-images/bouquet/bouquet_10/01.PNG,/resources/image/flower-images/bouquet/bouquet_10/02.PNG,/resources/image/flower-images/bouquet/bouquet_10/03.PNG,/resources/image/flower-images/bouquet/bouquet_10/04.PNG,/resources/image/flower-images/bouquet/bouquet_10/05.PNG,/resources/image/flower-images/bouquet/bouquet_10/06.PNG,/resources/image/flower-images/bouquet/bouquet_10/07.PNG,/resources/image/flower-images/bouquet/bouquet_10/08.PNG,,
38,/resources/image/flower-images/bouquet/bouquet_11/01.PNG,/resources/image/flower-images/bouquet/bouquet_11/02.PNG,/resources/image/flower-images/bouquet/bouquet_11/03.PNG,/resources/image/flower-images/bouquet/bouquet_11/04.PNG,/resources/image/flower-images/bouquet/bouquet_11/05.PNG,/resources/image/flower-images/bouquet/bouquet_11/06.PNG,/resources/image/flower-images/bouquet/bouquet_11/07.PNG,/resources/image/flower-images/bouquet/bouquet_11/08.PNG,/resources/image/flower-images/bouquet/bouquet_11/09.PNG,
39,/resources/image/flower-images/bouquet/bouquet_12/01.PNG,/resources/image/flower-images/bouquet/bouquet_12/02.PNG,/resources/image/flower-images/bouquet/bouquet_12/03.PNG,/resources/image/flower-images/bouquet/bouquet_12/04.PNG,/resources/image/flower-images/bouquet/bouquet_12/05.PNG,/resources/image/flower-images/bouquet/bouquet_12/06.PNG,,,,
40,/resources/image/flower-images/bouquet/bouquet_13/01.PNG,/resources/image/flower-images/bouquet/bouquet_13/02.PNG,/resources/image/flower-images/bouquet/bouquet_13/03.PNG,/resources/image/flower-images/bouquet/bouquet_13/04.PNG,/resources/image/flower-images/bouquet/bouquet_13/05.PNG,/resources/image/flower-images/bouquet/bouquet_13/06.PNG,/resources/image/flower-images/bouquet/bouquet_13/07.PNG,/resources/image/flower-images/bouquet/bouquet_13/08.PNG,/resources/image/flower-images/bouquet/bouquet_13/09.PNG,
41,/resources/image/flower-images/bouquet/bouquet_14/01.PNG,/resources/image/flower-images/bouquet/bouquet_14/02.PNG,/resources/image/flower-images/bouquet/bouquet_14/03.PNG,/resources/image/flower-images/bouquet/bouquet_14/04.PNG,/resources/image/flower-images/bouquet/bouquet_14/05.PNG,/resources/image/flower-images/bouquet/bouquet_14/06.PNG,,,,
42,/resources/image/flower-images/bouquet/bouquet_15/01.PNG,/resources/image/flower-images/bouquet/bouquet_15/02.PNG,/resources/image/flower-images/bouquet/bouquet_15/03.PNG,/resources/image/flower-images/bouquet/bouquet_15/04.PNG,/resources/image/flower-images/bouquet/bouquet_15/05.PNG,/resources/image/flower-images/bouquet/bouquet_15/06.PNG,/resources/image/flower-images/bouquet/bouquet_15/07.PNG,/resources/image/flower-images/bouquet/bouquet_15/08.PNG,/resources/image/flower-images/bouquet/bouquet_15/09.PNG,
43,/resources/image/flower-images/condolences-wreath/condolences-wreath_01/01.PNG,/resources/image/flower-images/condolences-wreath/condolences-wreath_01/02.PNG,/resources/image/flower-images/condolences-wreath/condolences-wreath_01/03.PNG,/resources/image/flower-images/condolences-wreath/condolences-wreath_01/04.PNG,/resources/image/flower-images/condolences-wreath/condolences-wreath_01/05.PNG,/resources/image/flower-images/condolences-wreath/condolences-wreath_01/06.PNG,/resources/image/flower-images/condolences-wreath/condolences-wreath_01/07.PNG,/resources/image/flower-images/condolences-wreath/condolences-wreath_01/08.PNG,,
44,/resources/image/flower-images/condolences-wreath/condolences-wreath_02/01.PNG,/resources/image/flower-images/condolences-wreath/condolences-wreath_02/02.PNG,/resources/image/flower-images/condolences-wreath/condolences-wreath_02/03.PNG,/resources/image/flower-images/condolences-wreath/condolences-wreath_02/04.PNG,/resources/image/flower-images/condolences-wreath/condolences-wreath_02/05.PNG,/resources/image/flower-images/condolences-wreath/condolences-wreath_02/06.PNG,/resources/image/flower-images/condolences-wreath/condolences-wreath_02/07.PNG,/resources/image/flower-images/condolences-wreath/condolences-wreath_02/08.PNG,/resources/image/flower-images/condolences-wreath/condolences-wreath_02/09.PNG,
45,/resources/image/flower-images/condolences-wreath/condolences-wreath_03/01.PNG,/resources/image/flower-images/condolences-wreath/condolences-wreath_03/02.PNG,/resources/image/flower-images/condolences-wreath/condolences-wreath_03/03.PNG,/resources/image/flower-images/condolences-wreath/condolences-wreath_03/04.PNG,/resources/image/flower-images/condolences-wreath/condolences-wreath_03/05.PNG,/resources/image/flower-images/condolences-wreath/condolences-wreath_03/06.PNG,/resources/image/flower-images/condolences-wreath/condolences-wreath_03/07.PNG,/resources/image/flower-images/condolences-wreath/condolences-wreath_03/08.PNG,/resources/image/flower-images/condolences-wreath/condolences-wreath_03/09.PNG,
46,/resources/image/flower-images/condolences-wreath/condolences-wreath_04/01.PNG,/resources/image/flower-images/condolences-wreath/condolences-wreath_04/02.PNG,/resources/image/flower-images/condolences-wreath/condolences-wreath_04/03.PNG,/resources/image/flower-images/condolences-wreath/condolences-wreath_04/04.PNG,/resources/image/flower-images/condolences-wreath/condolences-wreath_04/05.PNG,/resources/image/flower-images/condolences-wreath/condolences-wreath_04/06.PNG,/resources/image/flower-images/condolences-wreath/condolences-wreath_04/07.PNG,/resources/image/flower-images/condolences-wreath/condolences-wreath_04/08.PNG,/resources/image/flower-images/condolences-wreath/condolences-wreath_04/09.PNG,/resources/image/flower-images/condolences-wreath/condolences-wreath_04/10.PNG
47,/resources/image/flower-images/condolences-wreath/condolences-wreath_05/01.PNG,/resources/image/flower-images/condolences-wreath/condolences-wreath_05/02.PNG,/resources/image/flower-images/condolences-wreath/condolences-wreath_05/03.PNG,/resources/image/flower-images/condolences-wreath/condolences-wreath_05/04.PNG,/resources/image/flower-images/condolences-wreath/condolences-wreath_05/05.PNG,,,,,
48,/resources/image/flower-images/condolences-wreath/condolences-wreath_06/01.PNG,/resources/image/flower-images/condolences-wreath/condolences-wreath_06/02.PNG,/resources/image/flower-images/condolences-wreath/condolences-wreath_06/03.PNG,/resources/image/flower-images/condolences-wreath/condolences-wreath_06/04.PNG,/resources/image/flower-images/condolences-wreath/condolences-wreath_06/05.PNG,/resources/image/flower-images/condolences-wreath/condolences-wreath_06/06.PNG,,,,
49,/resources/image/flower-images/condolences-wreath/condolences-wreath_07/01.PNG,/resources/image/flower-images/condolences-wreath/condolences-wreath_07/02.PNG,/resources/image/flower-images/condolences-wreath/condolences-wreath_07/03.PNG,/resources/image/flower-images/condolences-wreath/condolences-wreath_07/04.PNG,/resources/image/flower-images/condolences-wreath/condolences-wreath_07/05.PNG,/resources/image/flower-images/condolences-wreath/condolences-wreath_07/06.PNG,/resources/image/flower-images/condolences-wreath/condolences-wreath_07/07.PNG,,,
50,/resources/image/flower-images/condolences-wreath/condolences-wreath_08/01.PNG,/resources/image/flower-images/condolences-wreath/condolences-wreath_08/02.PNG,/resources/image/flower-images/condolences-wreath/condolences-wreath_08/03.PNG,/resources/image/flower-images/condolences-wreath/condolences-wreath_08/04.PNG,/resources/image/flower-images/condolences-wreath/condolences-wreath_08/05.PNG,/resources/image/flower-images/condolences-wreath/condolences-wreath_08/06.PNG,/resources/image/flower-images/condolences-wreath/condolences-wreath_08/07.PNG,/resources/image/flower-images/condolences-wreath/condolences-wreath_08/08.PNG,,
51,/resources/image/flower-images/condolences-wreath/condolences-wreath_09/01.PNG,/resources/image/flower-images/condolences-wreath/condolences-wreath_09/02.PNG,/resources/image/flower-images/condolences-wreath/condolences-wreath_09/03.PNG,/resources/image/flower-images/condolences-wreath/condolences-wreath_09/04.PNG,/resources/image/flower-images/condolences-wreath/condolences-wreath_09/05.PNG,/resources/image/flower-images/condolences-wreath/condolences-wreath_09/06.PNG,/resources/image/flower-images/condolences-wreath/condolences-wreath_09/07.PNG,,,
52,/resources/image/flower-images/condolences-wreath/condolences-wreath_10/01.PNG,/resources/image/flower-images/condolences-wreath/condolences-wreath_10/02.PNG,/resources/image/flower-images/condolences-wreath/condolences-wreath_10/03.PNG,/resources/image/flower-images/condolences-wreath/condolences-wreath_10/04.PNG,/resources/image/flower-images/condolences-wreath/condolences-wreath_10/05.PNG,/resources/image/flower-images/condolences-wreath/condolences-wreath_10/06.PNG,/resources/image/flower-images/condolences-wreath/condolences-wreath_10/07.PNG,,,
53,/resources/image/flower-images/condolences-wreath/condolences-wreath_11/01.PNG,/resources/image/flower-images/condolences-wreath/condolences-wreath_11/02.PNG,/resources/image/flower-images/condolences-wreath/condolences-wreath_11/03.PNG,/resources/image/flower-images/condolences-wreath/condolences-wreath_11/04.PNG,/resources/image/flower-images/condolences-wreath/condolences-wreath_11/05.PNG,/resources/image/flower-images/condolences-wreath/condolences-wreath_11/06.PNG,/resources/image/flower-images/condolences-wreath/condolences-wreath_11/07.PNG,/resources/image/flower-images/condolences-wreath/condolences-wreath_11/08.PNG,,
54,/resources/image/flower-images/condolences-wreath/condolences-wreath_12/01.PNG,/resources/image/flower-images/condolences-wreath/condolences-wreath_12/02.PNG,/resources/image/flower-images/condolences-wreath/condolences-wreath_12/03.PNG,/resources/image/flower-images/condolences-wreath/condolences-wreath_12/04.PNG,/resources/image/flower-images/condolences-wreath/condolences-wreath_12/05.PNG,/resources/image/flower-images/condolences-wreath/condolences-wreath_12/06.PNG,/resources/image/flower-images/condolences-wreath/condolences-wreath_12/07.PNG,,,
55,/resources/image/flower-images/condolences-wreath/condolences-wreath_13/01.PNG,/resources/image/flower-images/condolences-wreath/condolences-wreath_13/02.PNG,/resources/image/flower-images/condolences-wreath/condolences-wreath_13/03.PNG,/resources/image/flower-images/condolences-wreath/condolences-wreath_13/04.PNG,/resources/image/flower-images/condolences-wreath/condolences-wreath_13/05.PNG,/resources/image/flower-images/condolences-wreath/condolences-wreath_13/06.PNG,,,,
56,/resources/image/flower-images/condolences-wreath/condolences-wreath_14/01.PNG,/resources/image/flower-images/condolences-wreath/condolences-wreath_14/02.PNG,/resources/image/flower-images/condolences-wreath/condolences-wreath_14/03.PNG,/resources/image/flower-images/condolences-wreath/condolences-wreath_14/04.PNG,/resources/image/flower-images/condolences-wreath/condolences-wreath_14/05.PNG,/resources/image/flower-images/condolences-wreath/condolences-wreath_14/06.PNG,,,,
57,/resources/image/flower-images/condolences-wreath/condolences-wreath_15/01.PNG,/resources/image/flower-images/condolences-wreath/condolences-wreath_15/02.PNG,/resources/image/flower-images/condolences-wreath/condolences-wreath_15/03.PNG,/resources/image/flower-images/condolences-wreath/condolences-wreath_15/04.PNG,/resources/image/flower-images/condolences-wreath/condolences-wreath_15/05.PNG,/resources/image/flower-images/condolences-wreath/condolences-wreath_15/06.PNG,/resources/image/flower-images/condolences-wreath/condolences-wreath_15/07.PNG,/resources/image/flower-images/condolences-wreath/condolences-wreath_15/08.PNG,/resources/image/flower-images/condolences-wreath/condolences-wreath_15/09.PNG,/resources/image/flower-images/condolences-wreath/condolences-wreath_15/10.PNG
58,/resources/image/flower-images/congratulatory-wreath/congratulatory-wreath_01/01.PNG,/resources/image/flower-images/congratulatory-wreath/congratulatory-wreath_01/02.PNG,/resources/image/flower-images/congratulatory-wreath/congratulatory-wreath_01/03.PNG,/resources/image/flower-images/congratulatory-wreath/congratulatory-wreath_01/04.PNG,/resources/image/flower-images/congratulatory-wreath/congratulatory-wreath_01/05.PNG,/resources/image/flower-images/congratulatory-wreath/congratulatory-wreath_01/06.PNG,/resources/image/flower-images/congratulatory-wreath/congratulatory-wreath_01/07.PNG,/resources/image/flower-images/congratulatory-wreath/congratulatory-wreath_01/08.PNG,/resources/image/flower-images/congratulatory-wreath/congratulatory-wreath_01/09.PNG,/resources/image/flower-images/congratulatory-wreath/congratulatory-wreath_01/10.PNG
59,/resources/image/flower-images/congratulatory-wreath/congratulatory-wreath_02/01.PNG,/resources/image/flower-images/congratulatory-wreath/congratulatory-wreath_02/02.PNG,/resources/image/flower-images/congratulatory-wreath/congratulatory-wreath_02/03.PNG,/resources/image/flower-images/congratulatory-wreath/congratulatory-wreath_02/04.PNG,/resources/image/flower-images/congratulatory-wreath/congratulatory-wreath_02/05.PNG,/resources/image/flower-images/congratulatory-wreath/congratulatory-wreath_02/06.PNG,,,,
60,/resources/image/flower-images/congratulatory-wreath/congratulatory-wreath_03/01.PNG,/resources/image/flower-images/congratulatory-wreath/congratulatory-wreath_03/02.PNG,/resources/image/flower-images/congratulatory-wreath/congratulatory-wreath_03/03.PNG,/resources/image/flower-images/congratulatory-wreath/congratulatory-wreath_03/04.PNG,/resources/image/flower-images/congratulatory-wreath/congratulatory-wreath_03/05.PNG,/resources/image/flower-images/congratulatory-wreath/congratulatory-wreath_03/06.PNG,/resources/image/flower-images/congratulatory-wreath/congratulatory-wreath_03/07.PNG,,,
61,/resources/image/flower-images/congratulatory-wreath/congratulatory-wreath_04/01.PNG,/resources/image/flower-images/congratulatory-wreath/congratulatory-wreath_04/02.PNG,/resources/image/flower-images/congratulatory-wreath/congratulatory-wreath_04/03.PNG,/resources/image/flower-images/congratulatory-wreath/congratulatory-wreath_04/04.PNG,/resources/image/flower-images/congratulatory-wreath/congratulatory-wreath_04/05.PNG,,,,,
62,/resources/image/flower-images/congratulatory-wreath/congratulatory-wreath_05/01.PNG,/resources/image/flower-images/congratulatory-wreath/congratulatory-wreath_05/02.PNG,/resources/image/flower-images/congratulatory-wreath/congratulatory-wreath_05/03.PNG,/resources/image/flower-images/congratulatory-wreath/congratulatory-wreath_05/04.PNG,/resources/image/flower-images/congratulatory-wreath/congratulatory-wreath_05/05.PNG,/resources/image/flower-images/congratulatory-wreath/congratulatory-wreath_05/06.PNG,/resources/image/flower-images/congratulatory-wreath/congratulatory-wreath_05/07.PNG,/resources/image/flower-images/congratulatory-wreath/congratulatory-wreath_05/08.PNG,/resources/image/flower-images/congratulatory-wreath/congratulatory-wreath_05/09.PNG,
63,/resources/image/flower-images/congratulatory-wreath/congratulatory-wreath_06/01.PNG,/resources/image/flower-images/congratulatory-wreath/congratulatory-wreath_06/02.PNG,/resources/image/flower-images/congratulatory-wreath/congratulatory-wreath_06/03.PNG,/resources/image/flower-images/congratulatory-wreath/congratulatory-wreath_06/04.PNG,/resources/image/flower-images/congratulatory-wreath/congratulatory-wreath_06/05.PNG,/resources/image/flower-images/congratulatory-wreath/congratulatory-wreath_06/06.PNG,,,,
64,/resources/image/flower-images/congratulatory-wreath/congratulatory-wreath_07/01.PNG,/resources/image/flower-images/congratulatory-wreath/congratulatory-wreath_07/02.PNG,/resources/image/flower-images/congratulatory-wreath/congratulatory-wreath_07/03.PNG,/resources/image/flower-images/congratulatory-wreath/congratulatory-wreath_07/04.PNG,/resources/image/flower-images/congratulatory-wreath/congratulatory-wreath_07/05.PNG,/resources/image/flower-images/congratulatory-wreath/congratulatory-wreath_07/06.PNG,/resources/image/flower-images/congratulatory-wreath/congratulatory-wreath_07/07.PNG,,,
65,/resources/image/flower-images/congratulatory-wreath/congratulatory-wreath_08/01.PNG,/resources/image/flower-images/congratulatory-wreath/congratulatory-wreath_08/02.PNG,/resources/image/flower-images/congratulatory-wreath/congratulatory-wreath_08/03.PNG,/resources/image/flower-images/congratulatory-wreath/congratulatory-wreath_08/04.PNG,/resources/image/flower-images/congratulatory-wreath/congratulatory-wreath_08/05.PNG,/resources/image/flower-images/congratulatory-wreath/congratulatory-wreath_08/06.PNG,,,,
66,/resources/image/flower-images/congratulatory-wreath/congratulatory-wreath_09/01.PNG,/resources/image/flower-images/congratulatory-wreath/congratulatory-wreath_09/02.PNG,/resources/image/flower-images/congratulatory-wreath/congratulatory-wreath_09/03.PNG,/resources/image/flower-images/congratulatory-wreath/congratulatory-wreath_09/04.PNG,/resources/image/flower-images/congratulatory-wreath/congratulatory-wreath_09/05.PNG,/resources/image/flower-images/congratulatory-wreath/congratulatory-wreath_09/06.PNG,/resources/image/flower-images/congratulatory-wreath/congratulatory-wreath_09/07.PNG,,,
67,/resources/image/flower-images/congratulatory-wreath/congratulatory-wreath_10/01.PNG,/resources/image/flower-images/congratulatory-wreath/congratulatory-wreath_10/02.PNG,/resources/image/flower-images/congratulatory-wreath/congratulatory-wreath_10/03.PNG,/resources/image/flower-images/congratulatory-wreath/congratulatory-wreath_10/04.PNG,/resources/image/flower-images/congratulatory-wreath/congratulatory-wreath_10/05.PNG,/resources/image/flower-images/congratulatory-wreath/congratulatory-wreath_10/06.PNG,,,,
68,/resources/image/flower-images/congratulatory-wreath/congratulatory-wreath_11/01.PNG,/resources/image/flower-images/congratulatory-wreath/congratulatory-wreath_11/02.PNG,/resources/image/flower-images/congratulatory-wreath/congratulatory-wreath_11/03.PNG,/resources/image/flower-images/congratulatory-wreath/congratulatory-wreath_11/04.PNG,/resources/image/flower-images/congratulatory-wreath/congratulatory-wreath_11/05.PNG,/resources/image/flower-images/congratulatory-wreath/congratulatory-wreath_11/06.PNG,/resources/image/flower-images/congratulatory-wreath/congratulatory-wreath_11/07.PNG,/resources/image/flower-images/congratulatory-wreath/congratulatory-wreath_11/08.PNG,/resources/image/flower-images/congratulatory-wreath/congratulatory-wreath_11/09.PNG,
69,/resources/image/flower-images/congratulatory-wreath/congratulatory-wreath_12/01.PNG,/resources/image/flower-images/congratulatory-wreath/congratulatory-wreath_12/02.PNG,/resources/image/flower-images/congratulatory-wreath/congratulatory-wreath_12/03.PNG,/resources/image/flower-images/congratulatory-wreath/congratulatory-wreath_12/04.PNG,/resources/image/flower-images/congratulatory-wreath/congratulatory-wreath_12/05.PNG,/resources/image/flower-images/congratulatory-wreath/congratulatory-wreath_12/06.PNG,/resources/image/flower-images/congratulatory-wreath/congratulatory-wreath_12/07.PNG,/resources/image/flower-images/congratulatory-wreath/congratulatory-wreath_12/08.PNG,/resources/image/flower-images/congratulatory-wreath/congratulatory-wreath_12/09.PNG,
70,/resources/image/flower-images/congratulatory-wreath/congratulatory-wreath_13/01.PNG,/resources/image/flower-images/congratulatory-wreath/congratulatory-wreath_13/02.PNG,/resources/image/flower-images/congratulatory-wreath/congratulatory-wreath_13/03.PNG,/resources/image/flower-images/congratulatory-wreath/congratulatory-wreath_13/04.PNG,/resources/image/flower-images/congratulatory-wreath/congratulatory-wreath_13/05.PNG,,,,,
71,/resources/image/flower-images/congratulatory-wreath/congratulatory-wreath_14/01.PNG,/resources/image/flower-images/congratulatory-wreath/congratulatory-wreath_14/02.PNG,/resources/image/flower-images/congratulatory-wreath/congratulatory-wreath_14/03.PNG,/resources/image/flower-images/congratulatory-wreath/congratulatory-wreath_14/04.PNG,/resources/image/flower-images/congratulatory-wreath/congratulatory-wreath_14/05.PNG,/resources/image/flower-images/congratulatory-wreath/congratulatory-wreath_14/06.PNG,/resources/image/flower-images/congratulatory-wreath/congratulatory-wreath_14/07.PNG,/resources/image/flower-images/congratulatory-wreath/congratulatory-wreath_14/08.PNG,/resources/image/flower-images/congratulatory-wreath/congratulatory-wreath_14/09.PNG,
72,/resources/image/flower-images/congratulatory-wreath/congratulatory-wreath_15/01.PNG,/resources/image/flower-images/congratulatory-wreath/congratulatory-wreath_15/02.PNG,/resources/image/flower-images/congratulatory-wreath/congratulatory-wreath_15/03.PNG,/resources/image/flower-images/congratulatory-wreath/congratulatory-wreath_15/04.PNG,/resources/image/flower-images/congratulatory-wreath/congratulatory-wreath_15/05.PNG,/resources/image/flower-images/congratulatory-wreath/congratulatory-wreath_15/06.PNG,,,,
73,/resources/image/flower-images/flower-basket/flower-basket_01/01.PNG,/resources/image/flower-images/flower-basket/flower-basket_01/02.PNG,/resources/image/flower-images/flower-basket/flower-basket_01/03.PNG,/resources/image/flower-images/flower-basket/flower-basket_01/04.PNG,/resources/image/flower-images/flower-basket/flower-basket_01/05.PNG,/resources/image/flower-images/flower-basket/flower-basket_01/06.PNG,,,,
74,/resources/image/flower-images/flower-basket/flower-basket_02/01.PNG,/resources/image/flower-images/flower-basket/flower-basket_02/02.PNG,/resources/image/flower-images/flower-basket/flower-basket_02/03.PNG,/resources/image/flower-images/flower-basket/flower-basket_02/04.PNG,/resources/image/flower-images/flower-basket/flower-basket_02/05.PNG,/resources/image/flower-images/flower-basket/flower-basket_02/06.PNG,,,,
75,/resources/image/flower-images/flower-basket/flower-basket_03/01.PNG,/resources/image/flower-images/flower-basket/flower-basket_03/02.PNG,/resources/image/flower-images/flower-basket/flower-basket_03/03.PNG,/resources/image/flower-images/flower-basket/flower-basket_03/04.PNG,/resources/image/flower-images/flower-basket/flower-basket_03/05.PNG,/resources/image/flower-images/flower-basket/flower-basket_03/06.PNG,/resources/image/flower-images/flower-basket/flower-basket_03/07.PNG,,,
76,/resources/image/flower-images/flower-basket/flower-basket_04/01.PNG,/resources/image/flower-images/flower-basket/flower-basket_04/02.PNG,/resources/image/flower-images/flower-basket/flower-basket_04/03.PNG,/resources/image/flower-images/flower-basket/flower-basket_04/04.PNG,/resources/image/flower-images/flower-basket/flower-basket_04/05.PNG,/resources/image/flower-images/flower-basket/flower-basket_04/06.PNG,,,,
77,/resources/image/flower-images/flower-basket/flower-basket_05/01.PNG,/resources/image/flower-images/flower-basket/flower-basket_05/02.PNG,/resources/image/flower-images/flower-basket/flower-basket_05/03.PNG,/resources/image/flower-images/flower-basket/flower-basket_05/04.PNG,/resources/image/flower-images/flower-basket/flower-basket_05/05.PNG,/resources/image/flower-images/flower-basket/flower-basket_05/06.PNG,/resources/image/flower-images/flower-basket/flower-basket_05/07.PNG,,,
78,/resources/image/flower-images/flower-basket/flower-basket_06/01.PNG,/resources/image/flower-images/flower-basket/flower-basket_06/02.PNG,/resources/image/flower-images/flower-basket/flower-basket_06/03.PNG,/resources/image/flower-images/flower-basket/flower-basket_06/04.PNG,/resources/image/flower-images/flower-basket/flower-basket_06/05.PNG,/resources/image/flower-images/flower-basket/flower-basket_06/06.PNG,/resources/image/flower-images/flower-basket/flower-basket_06/07.PNG,/resources/image/flower-images/flower-basket/flower-basket_06/08.PNG,/resources/image/flower-images/flower-basket/flower-basket_06/09.PNG,/resources/image/flower-images/flower-basket/flower-basket_06/10.PNG
79,/resources/image/flower-images/flower-basket/flower-basket_07/01.PNG,/resources/image/flower-images/flower-basket/flower-basket_07/02.PNG,/resources/image/flower-images/flower-basket/flower-basket_07/03.PNG,/resources/image/flower-images/flower-basket/flower-basket_07/04.PNG,/resources/image/flower-images/flower-basket/flower-basket_07/05.PNG,/resources/image/flower-images/flower-basket/flower-basket_07/06.PNG,/resources/image/flower-images/flower-basket/flower-basket_07/07.PNG,/resources/image/flower-images/flower-basket/flower-basket_07/08.PNG,/resources/image/flower-images/flower-basket/flower-basket_07/09.PNG,/resources/image/flower-images/flower-basket/flower-basket_07/10.PNG
80,/resources/image/flower-images/flower-basket/flower-basket_08/01.PNG,/resources/image/flower-images/flower-basket/flower-basket_08/02.PNG,/resources/image/flower-images/flower-basket/flower-basket_08/03.PNG,/resources/image/flower-images/flower-basket/flower-basket_08/04.PNG,/resources/image/flower-images/flower-basket/flower-basket_08/05.PNG,/resources/image/flower-images/flower-basket/flower-basket_08/06.PNG,/resources/image/flower-images/flower-basket/flower-basket_08/07.PNG,/resources/image/flower-images/flower-basket/flower-basket_08/08.PNG,/resources/image/flower-images/flower-basket/flower-basket_08/09.PNG,/resources/image/flower-images/flower-basket/flower-basket_08/10.PNG
81,/resources/image/flower-images/flower-basket/flower-basket_09/01.PNG,/resources/image/flower-images/flower-basket/flower-basket_09/02.PNG,/resources/image/flower-images/flower-basket/flower-basket_09/03.PNG,/resources/image/flower-images/flower-basket/flower-basket_09/04.PNG,/resources/image/flower-images/flower-basket/flower-basket_09/05.PNG,/resources/image/flower-images/flower-basket/flower-basket_09/06.PNG,/resources/image/flower-images/flower-basket/flower-basket_09/07.PNG,/resources/image/flower-images/flower-basket/flower-basket_09/08.PNG,/resources/image/flower-images/flower-basket/flower-basket_09/09.PNG,/resources/image/flower-images/flower-basket/flower-basket_09/10.PNG
82,/resources/image/flower-images/flower-basket/flower-basket_10/01.PNG,/resources/image/flower-images/flower-basket/flower-basket_10/02.PNG,/resources/image/flower-images/flower-basket/flower-basket_10/03.PNG,/resources/image/flower-images/flower-basket/flower-basket_10/04.PNG,/resources/image/flower-images/flower-basket/flower-basket_10/05.PNG,/resources/image/flower-images/flower-basket/flower-basket_10/06.PNG,/resources/image/flower-images/flower-basket/flower-basket_10/07.PNG,/resources/image/flower-images/flower-basket/flower-basket_10/08.PNG,/resources/image/flower-images/flower-basket/flower-basket_10/09.PNG,/resources/image/flower-images/flower-basket/flower-basket_10/10.PNG
83,/resources/image/flower-images/flower-basket/flower-basket_11/01.PNG,/resources/image/flower-images/flower-basket/flower-basket_11/02.PNG,/resources/image/flower-images/flower-basket/flower-basket_11/03.PNG,/resources/image/flower-images/flower-basket/flower-basket_11/04.PNG,/resources/image/flower-images/flower-basket/flower-basket_11/05.PNG,/resources/image/flower-images/flower-basket/flower-basket_11/06.PNG,/resources/image/flower-images/flower-basket/flower-basket_11/07.PNG,/resources/image/flower-images/flower-basket/flower-basket_11/08.PNG,/resources/image/flower-images/flower-basket/flower-basket_11/09.PNG,/resources/image/flower-images/flower-basket/flower-basket_11/10.PNG
84,/resources/image/flower-images/flower-basket/flower-basket_12/01.PNG,/resources/image/flower-images/flower-basket/flower-basket_12/02.PNG,/resources/image/flower-images/flower-basket/flower-basket_12/03.PNG,/resources/image/flower-images/flower-basket/flower-basket_12/04.PNG,/resources/image/flower-images/flower-basket/flower-basket_12/05.PNG,/resources/image/flower-images/flower-basket/flower-basket_12/06.PNG,/resources/image/flower-images/flower-basket/flower-basket_12/07.PNG,/resources/image/flower-images/flower-basket/flower-basket_12/08.PNG,/resources/image/flower-images/flower-basket/flower-basket_12/09.PNG,/resources/image/flower-images/flower-basket/flower-basket_12/10.PNG
85,/resources/image/flower-images/flower-basket/flower-basket_13/01.PNG,/resources/image/flower-images/flower-basket/flower-basket_13/02.PNG,/resources/image/flower-images/flower-basket/flower-basket_13/03.PNG,/resources/image/flower-images/flower-basket/flower-basket_13/04.PNG,/resources/image/flower-images/flower-basket/flower-basket_13/05.PNG,/resources/image/flower-images/flower-basket/flower-basket_13/06.PNG,/resources/image/flower-images/flower-basket/flower-basket_13/07.PNG,/resources/image/flower-images/flower-basket/flower-basket_13/08.PNG,/resources/image/flower-images/flower-basket/flower-basket_13/09.PNG,/resources/image/flower-images/flower-basket/flower-basket_13/10.PNG
86,/resources/image/flower-images/flower-basket/flower-basket_14/01.PNG,/resources/image/flower-images/flower-basket/flower-basket_14/02.PNG,/resources/image/flower-images/flower-basket/flower-basket_14/03.PNG,/resources/image/flower-images/flower-basket/flower-basket_14/04.PNG,/resources/image/flower-images/flower-basket/flower-basket_14/05.PNG,/resources/image/flower-images/flower-basket/flower-basket_14/06.PNG,/resources/image/flower-images/flower-basket/flower-basket_14/07.PNG,/resources/image/flower-images/flower-basket/flower-basket_14/08.PNG,/resources/image/flower-images/flower-basket/flower-basket_14/09.PNG,/resources/image/flower-images/flower-basket/flower-basket_14/10.PNG
87,/resources/image/flower-images/flower-basket/flower-basket_15/01.PNG,/resources/image/flower-images/flower-basket/flower-basket_15/02.PNG,/resources/image/flower-images/flower-basket/flower-basket_15/03.PNG,/resources/image/flower-images/flower-basket/flower-basket_15/04.PNG,/resources/image/flower-images/flower-basket/flower-basket_15/05.PNG,/resources/image/flower-images/flower-basket/flower-basket_15/06.PNG,/resources/image/flower-images/flower-basket/flower-basket_15/07.PNG,/resources/image/flower-images/flower-basket/flower-basket_15/08.PNG,/resources/image/flower-images/flower-basket/flower-basket_15/09.PNG,/resources/image/flower-images/flower-basket/flower-basket_15/10.PNG
88,/resources/image/flower-images/hydroponic-plants/hydroponic-plants_01/01.PNG,/resources/image/flower-images/hydroponic-plants/hydroponic-plants_01/02.PNG,/resources/image/flower-images/hydroponic-plants/hydroponic-plants_01/03.PNG,/resources/image/flower-images/hydroponic-plants/hydroponic-plants_01/04.PNG,/resources/image/flower-images/hydroponic-plants/hydroponic-plants_01/05.PNG,/resources/image/flower-images/hydroponic-plants/hydroponic-plants_01/06.PNG,/resources/image/flower-images/hydroponic-plants/hydroponic-plants_01/07.PNG,/resources/image/flower-images/hydroponic-plants/hydroponic-plants_01/08.PNG,/resources/image/flower-images/hydroponic-plants/hydroponic-plants_01/09.PNG,
89,/resources/image/flower-images/hydroponic-plants/hydroponic-plants_02/01.PNG,/resources/image/flower-images/hydroponic-plants/hydroponic-plants_02/02.PNG,/resources/image/flower-images/hydroponic-plants/hydroponic-plants_02/03.PNG,/resources/image/flower-images/hydroponic-plants/hydroponic-plants_02/04.PNG,/resources/image/flower-images/hydroponic-plants/hydroponic-plants_02/05.PNG,/resources/image/flower-images/hydroponic-plants/hydroponic-plants_02/06.PNG,,,,
90,/resources/image/flower-images/hydroponic-plants/hydroponic-plants_03/01.PNG,/resources/image/flower-images/hydroponic-plants/hydroponic-plants_03/02.PNG,/resources/image/flower-images/hydroponic-plants/hydroponic-plants_03/03.PNG,/resources/image/flower-images/hydroponic-plants/hydroponic-plants_03/04.PNG,/resources/image/flower-images/hydroponic-plants/hydroponic-plants_03/05.PNG,/resources/image/flower-images/hydroponic-plants/hydroponic-plants_03/06.PNG,/resources/image/flower-images/hydroponic-plants/hydroponic-plants_03/07.PNG,,,
91,/resources/image/flower-images/hydroponic-plants/hydroponic-plants_04/01.PNG,/resources/image/flower-images/hydroponic-plants/hydroponic-plants_04/02.PNG,/resources/image/flower-images/hydroponic-plants/hydroponic-plants_04/03.PNG,/resources/image/flower-images/hydroponic-plants/hydroponic-plants_04/04.PNG,/resources/image/flower-images/hydroponic-plants/hydroponic-plants_04/05.PNG,/resources/image/flower-images/hydroponic-plants/hydroponic-plants_04/06.PNG,/resources/image/flower-images/hydroponic-plants/hydroponic-plants_04/07.PNG,/resources/image/flower-images/hydroponic-plants/hydroponic-plants_04/08.PNG,,
92,/resources/image/flower-images/hydroponic-plants/hydroponic-plants_05/01.PNG,/resources/image/flower-images/hydroponic-plants/hydroponic-plants_05/02.PNG,/resources/image/flower-images/hydroponic-plants/hydroponic-plants_05/03.PNG,/resources/image/flower-images/hydroponic-plants/hydroponic-plants_05/04.PNG,/resources/image/flower-images/hydroponic-plants/hydroponic-plants_05/05.PNG,/resources/image/flower-images/hydroponic-plants/hydroponic-plants_05/06.PNG,/resources/image/flower-images/hydroponic-plants/hydroponic-plants_05/07.PNG,/resources/image/flower-images/hydroponic-plants/hydroponic-plants_05/08.PNG,/resources/image/flower-images/hydroponic-plants/hydroponic-plants_05/09.PNG,
93,/resources/image/flower-images/hydroponic-plants/hydroponic-plants_06/01.PNG,/resources/image/flower-images/hydroponic-plants/hydroponic-plants_06/02.PNG,/resources/image/flower-images/hydroponic-plants/hydroponic-plants_06/03.PNG,/resources/image/flower-images/hydroponic-plants/hydroponic-plants_06/04.PNG,/resources/image/flower-images/hydroponic-plants/hydroponic-plants_06/05.PNG,/resources/image/flower-images/hydroponic-plants/hydroponic-plants_06/06.PNG,/resources/image/flower-images/hydroponic-plants/hydroponic-plants_06/07.PNG,/resources/image/flower-images/hydroponic-plants/hydroponic-plants_06/08.PNG,,
94,/resources/image/flower-images/hydroponic-plants/hydroponic-plants_07/01.PNG,/resources/image/flower-images/hydroponic-plants/hydroponic-plants_07/02.PNG,/resources/image/flower-images/hydroponic-plants/hydroponic-plants_07/03.PNG,/resources/image/flower-images/hydroponic-plants/hydroponic-plants_07/04.PNG,/resources/image/flower-images/hydroponic-plants/hydroponic-plants_07/05.PNG,/resources/image/flower-images/hydroponic-plants/hydroponic-plants_07/06.PNG,/resources/image/flower-images/hydroponic-plants/hydroponic-plants_07/07.PNG,/resources/image/flower-images/hydroponic-plants/hydroponic-plants_07/08.PNG,/resources/image/flower-images/hydroponic-plants/hydroponic-plants_07/09.PNG,
95,/resources/image/flower-images/hydroponic-plants/hydroponic-plants_08/01.PNG,/resources/image/flower-images/hydroponic-plants/hydroponic-plants_08/02.PNG,/resources/image/flower-images/hydroponic-plants/hydroponic-plants_08/03.PNG,/resources/image/flower-images/hydroponic-plants/hydroponic-plants_08/04.PNG,/resources/image/flower-images/hydroponic-plants/hydroponic-plants_08/05.PNG,/resources/image/flower-images/hydroponic-plants/hydroponic-plants_08/06.PNG,/resources/image/flower-images/hydroponic-plants/hydroponic-plants_08/07.PNG,/resources/image/flower-images/hydroponic-plants/hydroponic-plants_08/08.PNG,/resources/image/flower-images/hydroponic-plants/hydroponic-plants_08/09.PNG,
96,/resources/image/flower-images/hydroponic-plants/hydroponic-plants_09/01.PNG,/resources/image/flower-images/hydroponic-plants/hydroponic-plants_09/02.PNG,/resources/image/flower-images/hydroponic-plants/hydroponic-plants_09/03.PNG,/resources/image/flower-images/hydroponic-plants/hydroponic-plants_09/04.PNG,/resources/image/flower-images/hydroponic-plants/hydroponic-plants_09/05.PNG,/resources/image/flower-images/hydroponic-plants/hydroponic-plants_09/06.PNG,,,,
97,/resources/image/flower-images/hydroponic-plants/hydroponic-plants_10/01.PNG,/resources/image/flower-images/hydroponic-plants/hydroponic-plants_10/02.PNG,/resources/image/flower-images/hydroponic-plants/hydroponic-plants_10/03.PNG,/resources/image/flower-images/hydroponic-plants/hydroponic-plants_10/04.PNG,/resources/image/flower-images/hydroponic-plants/hydroponic-plants_10/05.PNG,/resources/image/flower-images/hydroponic-plants/hydroponic-plants_10/06.PNG,/resources/image/flower-images/hydroponic-plants/hydroponic-plants_10/07.PNG,,,
98,/resources/image/flower-images/hydroponic-plants/hydroponic-plants_11/01.PNG,/resources/image/flower-images/hydroponic-plants/hydroponic-plants_11/02.PNG,/resources/image/flower-images/hydroponic-plants/hydroponic-plants_11/03.PNG,/resources/image/flower-images/hydroponic-plants/hydroponic-plants_11/04.PNG,/resources/image/flower-images/hydroponic-plants/hydroponic-plants_11/05.PNG,/resources/image/flower-images/hydroponic-plants/hydroponic-plants_11/06.PNG,/resources/image/flower-images/hydroponic-plants/hydroponic-plants_11/07.PNG,,,
99,/resources/image/flower-images/hydroponic-plants/hydroponic-plants_12/01.PNG,/resources/image/flower-images/hydroponic-plants/hydroponic-plants_12/02.PNG,/resources/image/flower-images/hydroponic-plants/hydroponic-plants_12/03.PNG,/resources/image/flower-images/hydroponic-plants/hydroponic-plants_12/04.PNG,/resources/image/flower-images/hydroponic-plants/hydroponic-plants_12/05.PNG,/resources/image/flower-images/hydroponic-plants/hydroponic-plants_12/06.PNG,/resources/image/flower-images/hydroponic-plants/hydroponic-plants_12/07.PNG,/resources/image/flower-images/hydroponic-plants/hydroponic-plants_12/08.PNG,,
100,/resources/image/flower-images/hydroponic-plants/hydroponic-plants_13/01.PNG,/resources/image/flower-images/hydroponic-plants/hydroponic-plants_13/02.PNG,/resources/image/flower-images/hydroponic-plants/hydroponic-plants_13/03.PNG,/resources/image/flower-images/hydroponic-plants/hydroponic-plants_13/04.PNG,/resources/image/flower-images/hydroponic-plants/hydroponic-plants_13/05.PNG,/resources/image/flower-images/hydroponic-plants/hydroponic-plants_13/06.PNG,,,,
101,/resources/image/flower-images/hydroponic-plants/hydroponic-plants_14/01.PNG,/resources/image/flower-images/hydroponic-plants/hydroponic-plants_14/02.PNG,/resources/image/flower-images/hydroponic-plants/hydroponic-plants_14/03.PNG,/resources/image/flower-images/hydroponic-plants/hydroponic-plants_14/04.PNG,/resources/image/flower-images/hydroponic-plants/hydroponic-plants_14/05.PNG,/resources/image/flower-images/hydroponic-plants/hydroponic-plants_14/06.PNG,/resources/image/flower-images/hydroponic-plants/hydroponic-plants_14/07.PNG,/resources/image/flower-images/hydroponic-plants/hydroponic-plants_14/08.PNG,/resources/image/flower-images/hydroponic-plants/hydroponic-plants_14/09.PNG,
102,/resources/image/flower-images/hydroponic-plants/hydroponic-plants_15/01.PNG,/resources/image/flower-images/hydroponic-plants/hydroponic-plants_15/02.PNG,/resources/image/flower-images/hydroponic-plants/hydroponic-plants_15/03.PNG,/resources/image/flower-images/hydroponic-plants/hydroponic-plants_15/04.PNG,/resources/image/flower-images/hydroponic-plants/hydroponic-plants_15/05.PNG,/resources/image/flower-images/hydroponic-plants/hydroponic-plants_15/06.PNG,/resources/image/flower-images/hydroponic-plants/hydroponic-plants_15/07.PNG,,,
103,/resources/image/flower-images/oriental-orchids/oriental-orchids_01/01.PNG,/resources/image/flower-images/oriental-orchids/oriental-orchids_01/02.PNG,/resources/image/flower-images/oriental-orchids/oriental-orchids_01/03.PNG,/resources/image/flower-images/oriental-orchids/oriental-orchids_01/04.PNG,/resources/image/flower-images/oriental-orchids/oriental-orchids_01/05.PNG,/resources/image/flower-images/oriental-orchids/oriental-orchids_01/06.PNG,/resources/image/flower-images/oriental-orchids/oriental-orchids_01/07.PNG,/resources/image/flower-images/oriental-orchids/oriental-orchids_01/08.PNG,/resources/image/flower-images/oriental-orchids/oriental-orchids_01/09.PNG,/resources/image/flower-images/oriental-orchids/oriental-orchids_01/10.PNG
104,/resources/image/flower-images/oriental-orchids/oriental-orchids_02/01.PNG,/resources/image/flower-images/oriental-orchids/oriental-orchids_02/02.PNG,/resources/image/flower-images/oriental-orchids/oriental-orchids_02/03.PNG,/resources/image/flower-images/oriental-orchids/oriental-orchids_02/04.PNG,/resources/image/flower-images/oriental-orchids/oriental-orchids_02/05.PNG,/resources/image/flower-images/oriental-orchids/oriental-orchids_02/06.PNG,/resources/image/flower-images/oriental-orchids/oriental-orchids_02/07.PNG,/resources/image/flower-images/oriental-orchids/oriental-orchids_02/08.PNG,/resources/image/flower-images/oriental-orchids/oriental-orchids_02/09.PNG,/resources/image/flower-images/oriental-orchids/oriental-orchids_02/10.PNG
105,/resources/image/flower-images/oriental-orchids/oriental-orchids_03/01.PNG,/resources/image/flower-images/oriental-orchids/oriental-orchids_03/02.PNG,/resources/image/flower-images/oriental-orchids/oriental-orchids_03/03.PNG,/resources/image/flower-images/oriental-orchids/oriental-orchids_03/04.PNG,/resources/image/flower-images/oriental-orchids/oriental-orchids_03/05.PNG,/resources/image/flower-images/oriental-orchids/oriental-orchids_03/06.PNG,/resources/image/flower-images/oriental-orchids/oriental-orchids_03/07.PNG,/resources/image/flower-images/oriental-orchids/oriental-orchids_03/08.PNG,/resources/image/flower-images/oriental-orchids/oriental-orchids_03/09.PNG,/resources/image/flower-images/oriental-orchids/oriental-orchids_03/10.PNG
106,/resources/image/flower-images/oriental-orchids/oriental-orchids_04/01.PNG,/resources/image/flower-images/oriental-orchids/oriental-orchids_04/02.PNG,/resources/image/flower-images/oriental-orchids/oriental-orchids_04/03.PNG,/resources/image/flower-images/oriental-orchids/oriental-orchids_04/04.PNG,/resources/image/flower-images/oriental-orchids/oriental-orchids_04/05.PNG,/resources/image/flower-images/oriental-orchids/oriental-orchids_04/06.PNG,/resources/image/flower-images/oriental-orchids/oriental-orchids_04/07.PNG,/resources/image/flower-images/oriental-orchids/oriental-orchids_04/08.PNG,/resources/image/flower-images/oriental-orchids/oriental-orchids_04/09.PNG,/resources/image/flower-images/oriental-orchids/oriental-orchids_04/10.PNG
107,/resources/image/flower-images/oriental-orchids/oriental-orchids_05/01.PNG,/resources/image/flower-images/oriental-orchids/oriental-orchids_05/02.PNG,/resources/image/flower-images/oriental-orchids/oriental-orchids_05/03.PNG,/resources/image/flower-images/oriental-orchids/oriental-orchids_05/04.PNG,/resources/image/flower-images/oriental-orchids/oriental-orchids_05/05.PNG,/resources/image/flower-images/oriental-orchids/oriental-orchids_05/06.PNG,/resources/image/flower-images/oriental-orchids/oriental-orchids_05/07.PNG,/resources/image/flower-images/oriental-orchids/oriental-orchids_05/08.PNG,/resources/image/flower-images/oriental-orchids/oriental-orchids_05/09.PNG,/resources/image/flower-images/oriental-orchids/oriental-orchids_05/10.PNG
108,/resources/image/flower-images/oriental-orchids/oriental-orchids_06/01.PNG,/resources/image/flower-images/oriental-orchids/oriental-orchids_06/02.PNG,/resources/image/flower-images/oriental-orchids/oriental-orchids_06/03.PNG,/resources/image/flower-images/oriental-orchids/oriental-orchids_06/04.PNG,/resources/image/flower-images/oriental-orchids/oriental-orchids_06/05.PNG,/resources/image/flower-images/oriental-orchids/oriental-orchids_06/06.PNG,/resources/image/flower-images/oriental-orchids/oriental-orchids_06/07.PNG,/resources/image/flower-images/oriental-orchids/oriental-orchids_06/08.PNG,/resources/image/flower-images/oriental-orchids/oriental-orchids_06/09.PNG,/resources/image/flower-images/oriental-orchids/oriental-orchids_06/10.PNG
109,/resources/image/flower-images/oriental-orchids/oriental-orchids_07/01.PNG,/resources/image/flower-images/oriental-orchids/oriental-orchids_07/02.PNG,/resources/image/flower-images/oriental-orchids/oriental-orchids_07/03.PNG,/resources/image/flower-images/oriental-orchids/oriental-orchids_07/04.PNG,/resources/image/flower-images/oriental-orchids/oriental-orchids_07/05.PNG,/resources/image/flower-images/oriental-orchids/oriental-orchids_07/06.PNG,/resources/image/flower-images/oriental-orchids/oriental-orchids_07/07.PNG,/resources/image/flower-images/oriental-orchids/oriental-orchids_07/08.PNG,/resources/image/flower-images/oriental-orchids/oriental-orchids_07/09.PNG,/resources/image/flower-images/oriental-orchids/oriental-orchids_07/10.PNG
110,/resources/image/flower-images/oriental-orchids/oriental-orchids_08/01.PNG,/resources/image/flower-images/oriental-orchids/oriental-orchids_08/02.PNG,/resources/image/flower-images/oriental-orchids/oriental-orchids_08/03.PNG,/resources/image/flower-images/oriental-orchids/oriental-orchids_08/04.PNG,/resources/image/flower-images/oriental-orchids/oriental-orchids_08/05.PNG,/resources/image/flower-images/oriental-orchids/oriental-orchids_08/06.PNG,/resources/image/flower-images/oriental-orchids/oriental-orchids_08/07.PNG,/resources/image/flower-images/oriental-orchids/oriental-orchids_08/08.PNG,/resources/image/flower-images/oriental-orchids/oriental-orchids_08/09.PNG,/resources/image/flower-images/oriental-orchids/oriental-orchids_08/10.PNG
111,/resources/image/flower-images/oriental-orchids/oriental-orchids_09/01.PNG,/resources/image/flower-images/oriental-orchids/oriental-orchids_09/02.PNG,/resources/image/flower-images/oriental-orchids/oriental-orchids_09/03.PNG,/resources/image/flower-images/oriental-orchids/oriental-orchids_09/04.PNG,/resources/image/flower-images/oriental-orchids/oriental-orchids_09/05.PNG,/resources/image/flower-images/oriental-orchids/oriental-orchids_09/06.PNG,/resources/image/flower-images/oriental-orchids/oriental-orchids_09/07.PNG,/resources/image/flower-images/oriental-orchids/oriental-orchids_09/08.PNG,/resources/image/flower-images/oriental-orchids/oriental-orchids_09/09.PNG,/resources/image/flower-images/oriental-orchids/oriental-orchids_09/10.PNG
112,/resources/image/flower-images/oriental-orchids/oriental-orchids_10/01.PNG,/resources/image/flower-images/oriental-orchids/oriental-orchids_10/02.PNG,/resources/image/flower-images/oriental-orchids/oriental-orchids_10/03.PNG,/resources/image/flower-images/oriental-orchids/oriental-orchids_10/04.PNG,/resources/image/flower-images/oriental-orchids/oriental-orchids_10/05.PNG,/resources/image/flower-images/oriental-orchids/oriental-orchids_10/06.PNG,/resources/image/flower-images/oriental-orchids/oriental-orchids_10/07.PNG,/resources/image/flower-images/oriental-orchids/oriental-orchids_10/08.PNG,/resources/image/flower-images/oriental-orchids/oriental-orchids_10/09.PNG,/resources/image/flower-images/oriental-orchids/oriental-orchids_10/10.PNG
113,/resources/image/flower-images/oriental-orchids/oriental-orchids_11/01.PNG,/resources/image/flower-images/oriental-orchids/oriental-orchids_11/02.PNG,/resources/image/flower-images/oriental-orchids/oriental-orchids_11/03.PNG,/resources/image/flower-images/oriental-orchids/oriental-orchids_11/04.PNG,/resources/image/flower-images/oriental-orchids/oriental-orchids_11/05.PNG,/resources/image/flower-images/oriental-orchids/oriental-orchids_11/06.PNG,/resources/image/flower-images/oriental-orchids/oriental-orchids_11/07.PNG,/resources/image/flower-images/oriental-orchids/oriental-orchids_11/08.PNG,/resources/image/flower-images/oriental-orchids/oriental-orchids_11/09.PNG,/resources/image/flower-images/oriental-orchids/oriental-orchids_11/10.PNG
114,/resources/image/flower-images/oriental-orchids/oriental-orchids_12/01.PNG,/resources/image/flower-images/oriental-orchids/oriental-orchids_12/02.PNG,/resources/image/flower-images/oriental-orchids/oriental-orchids_12/03.PNG,/resources/image/flower-images/oriental-orchids/oriental-orchids_12/04.PNG,/resources/image/flower-images/oriental-orchids/oriental-orchids_12/05.PNG,/resources/image/flower-images/oriental-orchids/oriental-orchids_12/06.PNG,/resources/image/flower-images/oriental-orchids/oriental-orchids_12/07.PNG,/resources/image/flower-images/oriental-orchids/oriental-orchids_12/08.PNG,/resources/image/flower-images/oriental-orchids/oriental-orchids_12/09.PNG,/resources/image/flower-images/oriental-orchids/oriental-orchids_12/10.PNG
115,/resources/image/flower-images/oriental-orchids/oriental-orchids_13/01.PNG,/resources/image/flower-images/oriental-orchids/oriental-orchids_13/02.PNG,/resources/image/flower-images/oriental-orchids/oriental-orchids_13/03.PNG,/resources/image/flower-images/oriental-orchids/oriental-orchids_13/04.PNG,/resources/image/flower-images/oriental-orchids/oriental-orchids_13/05.PNG,/resources/image/flower-images/oriental-orchids/oriental-orchids_13/06.PNG,/resources/image/flower-images/oriental-orchids/oriental-orchids_13/07.PNG,/resources/image/flower-images/oriental-orchids/oriental-orchids_13/08.PNG,/resources/image/flower-images/oriental-orchids/oriental-orchids_13/09.PNG,/resources/image/flower-images/oriental-orchids/oriental-orchids_13/10.PNG
116,/resources/image/flower-images/oriental-orchids/oriental-orchids_14/01.PNG,/resources/image/flower-images/oriental-orchids/oriental-orchids_14/02.PNG,/resources/image/flower-images/oriental-orchids/oriental-orchids_14/03.PNG,/resources/image/flower-images/oriental-orchids/oriental-orchids_14/04.PNG,/resources/image/flower-images/oriental-orchids/oriental-orchids_14/05.PNG,/resources/image/flower-images/oriental-orchids/oriental-orchids_14/06.PNG,/resources/image/flower-images/oriental-orchids/oriental-orchids_14/07.PNG,/resources/image/flower-images/oriental-orchids/oriental-orchids_14/08.PNG,/resources/image/flower-images/oriental-orchids/oriental-orchids_14/09.PNG,/resources/image/flower-images/oriental-orchids/oriental-orchids_14/10.PNG
117,/resources/image/flower-images/oriental-orchids/oriental-orchids_15/01.PNG,/resources/image/flower-images/oriental-orchids/oriental-orchids_15/02.PNG,/resources/image/flower-images/oriental-orchids/oriental-orchids_15/03.PNG,/resources/image/flower-images/oriental-orchids/oriental-orchids_15/04.PNG,/resources/image/flower-images/oriental-orchids/oriental-orchids_15/05.PNG,/resources/image/flower-images/oriental-orchids/oriental-orchids_15/06.PNG,/resources/image/flower-images/oriental-orchids/oriental-orchids_15/07.PNG,/resources/image/flower-images/oriental-orchids/oriental-orchids_15/08.PNG,/resources/image/flower-images/oriental-orchids/oriental-orchids_15/09.PNG,/resources/image/flower-images/oriental-orchids/oriental-orchids_15/10.PNG
118,/resources/image/flower-images/potted-plant/potted-plant_01/01.PNG,/resources/image/flower-images/potted-plant/potted-plant_01/02.PNG,/resources/image/flower-images/potted-plant/potted-plant_01/03.PNG,/resources/image/flower-images/potted-plant/potted-plant_01/04.PNG,/resources/image/flower-images/potted-plant/potted-plant_01/05.PNG,/resources/image/flower-images/potted-plant/potted-plant_01/06.PNG,/resources/image/flower-images/potted-plant/potted-plant_01/07.PNG,/resources/image/flower-images/potted-plant/potted-plant_01/08.PNG,/resources/image/flower-images/potted-plant/potted-plant_01/09.PNG,/resources/image/flower-images/potted-plant/potted-plant_01/10.PNG
119,/resources/image/flower-images/potted-plant/potted-plant_02/01.PNG,/resources/image/flower-images/potted-plant/potted-plant_02/02.PNG,/resources/image/flower-images/potted-plant/potted-plant_02/03.PNG,/resources/image/flower-images/potted-plant/potted-plant_02/04.PNG,/resources/image/flower-images/potted-plant/potted-plant_02/05.PNG,/resources/image/flower-images/potted-plant/potted-plant_02/06.PNG,/resources/image/flower-images/potted-plant/potted-plant_02/07.PNG,/resources/image/flower-images/potted-plant/potted-plant_02/08.PNG,/resources/image/flower-images/potted-plant/potted-plant_02/09.PNG,/resources/image/flower-images/potted-plant/potted-plant_02/10.PNG
120,/resources/image/flower-images/potted-plant/potted-plant_03/01.PNG,/resources/image/flower-images/potted-plant/potted-plant_03/02.PNG,/resources/image/flower-images/potted-plant/potted-plant_03/03.PNG,/resources/image/flower-images/potted-plant/potted-plant_03/04.PNG,/resources/image/flower-images/potted-plant/potted-plant_03/05.PNG,/resources/image/flower-images/potted-plant/potted-plant_03/06.PNG,/resources/image/flower-images/potted-plant/potted-plant_03/07.PNG,/resources/image/flower-images/potted-plant/potted-plant_03/08.PNG,/resources/image/flower-images/potted-plant/potted-plant_03/09.PNG,/resources/image/flower-images/potted-plant/potted-plant_03/10.PNG
121,/resources/image/flower-images/potted-plant/potted-plant_04/01.PNG,/resources/image/flower-images/potted-plant/potted-plant_04/02.PNG,/resources/image/flower-images/potted-plant/potted-plant_04/03.PNG,/resources/image/flower-images/potted-plant/potted-plant_04/04.PNG,/resources/image/flower-images/potted-plant/potted-plant_04/05.PNG,/resources/image/flower-images/potted-plant/potted-plant_04/06.PNG,/resources/image/flower-images/potted-plant/potted-plant_04/07.PNG,/resources/image/flower-images/potted-plant/potted-plant_04/08.PNG,/resources/image/flower-images/potted-plant/potted-plant_04/09.PNG,/resources/image/flower-images/potted-plant/potted-plant_04/10.PNG
122,/resources/image/flower-images/potted-plant/potted-plant_05/01.PNG,/resources/image/flower-images/potted-plant/potted-plant_05/02.PNG,/resources/image/flower-images/potted-plant/potted-plant_05/03.PNG,/resources/image/flower-images/potted-plant/potted-plant_05/04.PNG,/resources/image/flower-images/potted-plant/potted-plant_05/05.PNG,/resources/image/flower-images/potted-plant/potted-plant_05/06.PNG,/resources/image/flower-images/potted-plant/potted-plant_05/07.PNG,/resources/image/flower-images/potted-plant/potted-plant_05/08.PNG,/resources/image/flower-images/potted-plant/potted-plant_05/09.PNG,/resources/image/flower-images/potted-plant/potted-plant_05/10.PNG
123,/resources/image/flower-images/potted-plant/potted-plant_06/01.PNG,/resources/image/flower-images/potted-plant/potted-plant_06/02.PNG,/resources/image/flower-images/potted-plant/potted-plant_06/03.PNG,/resources/image/flower-images/potted-plant/potted-plant_06/04.PNG,/resources/image/flower-images/potted-plant/potted-plant_06/05.PNG,/resources/image/flower-images/potted-plant/potted-plant_06/06.PNG,/resources/image/flower-images/potted-plant/potted-plant_06/07.PNG,/resources/image/flower-images/potted-plant/potted-plant_06/08.PNG,/resources/image/flower-images/potted-plant/potted-plant_06/09.PNG,/resources/image/flower-images/potted-plant/potted-plant_06/10.PNG
124,/resources/image/flower-images/potted-plant/potted-plant_07/01.PNG,/resources/image/flower-images/potted-plant/potted-plant_07/02.PNG,/resources/image/flower-images/potted-plant/potted-plant_07/03.PNG,/resources/image/flower-images/potted-plant/potted-plant_07/04.PNG,/resources/image/flower-images/potted-plant/potted-plant_07/05.PNG,/resources/image/flower-images/potted-plant/potted-plant_07/06.PNG,/resources/image/flower-images/potted-plant/potted-plant_07/07.PNG,/resources/image/flower-images/potted-plant/potted-plant_07/08.PNG,/resources/image/flower-images/potted-plant/potted-plant_07/09.PNG,/resources/image/flower-images/potted-plant/potted-plant_07/10.PNG
125,/resources/image/flower-images/potted-plant/potted-plant_08/01.PNG,/resources/image/flower-images/potted-plant/potted-plant_08/02.PNG,/resources/image/flower-images/potted-plant/potted-plant_08/03.PNG,/resources/image/flower-images/potted-plant/potted-plant_08/04.PNG,/resources/image/flower-images/potted-plant/potted-plant_08/05.PNG,/resources/image/flower-images/potted-plant/potted-plant_08/06.PNG,/resources/image/flower-images/potted-plant/potted-plant_08/07.PNG,/resources/image/flower-images/potted-plant/potted-plant_08/08.PNG,/resources/image/flower-images/potted-plant/potted-plant_08/09.PNG,/resources/image/flower-images/potted-plant/potted-plant_08/10.PNG
126,/resources/image/flower-images/potted-plant/potted-plant_09/01.PNG,/resources/image/flower-images/potted-plant/potted-plant_09/02.PNG,/resources/image/flower-images/potted-plant/potted-plant_09/03.PNG,/resources/image/flower-images/potted-plant/potted-plant_09/04.PNG,/resources/image/flower-images/potted-plant/potted-plant_09/05.PNG,/resources/image/flower-images/potted-plant/potted-plant_09/06.PNG,/resources/image/flower-images/potted-plant/potted-plant_09/07.PNG,/resources/image/flower-images/potted-plant/potted-plant_09/08.PNG,/resources/image/flower-images/potted-plant/potted-plant_09/09.PNG,/resources/image/flower-images/potted-plant/potted-plant_09/10.PNG
127,/resources/image/flower-images/potted-plant/potted-plant_10/01.PNG,/resources/image/flower-images/potted-plant/potted-plant_10/02.PNG,/resources/image/flower-images/potted-plant/potted-plant_10/03.PNG,/resources/image/flower-images/potted-plant/potted-plant_10/04.PNG,/resources/image/flower-images/potted-plant/potted-plant_10/05.PNG,/resources/image/flower-images/potted-plant/potted-plant_10/06.PNG,/resources/image/flower-images/potted-plant/potted-plant_10/07.PNG,/resources/image/flower-images/potted-plant/potted-plant_10/08.PNG,/resources/image/flower-images/potted-plant/potted-plant_10/09.PNG,/resources/image/flower-images/potted-plant/potted-plant_10/10.PNG
128,/resources/image/flower-images/potted-plant/potted-plant_11/01.PNG,/resources/image/flower-images/potted-plant/potted-plant_11/02.PNG,/resources/image/flower-images/potted-plant/potted-plant_11/03.PNG,/resources/image/flower-images/potted-plant/potted-plant_11/04.PNG,/resources/image/flower-images/potted-plant/potted-plant_11/05.PNG,/resources/image/flower-images/potted-plant/potted-plant_11/06.PNG,/resources/image/flower-images/potted-plant/potted-plant_11/07.PNG,/resources/image/flower-images/potted-plant/potted-plant_11/08.PNG,/resources/image/flower-images/potted-plant/potted-plant_11/09.PNG,/resources/image/flower-images/potted-plant/potted-plant_11/10.PNG
129,/resources/image/flower-images/potted-plant/potted-plant_12/01.PNG,/resources/image/flower-images/potted-plant/potted-plant_12/02.PNG,/resources/image/flower-images/potted-plant/potted-plant_12/03.PNG,/resources/image/flower-images/potted-plant/potted-plant_12/04.PNG,/resources/image/flower-images/potted-plant/potted-plant_12/05.PNG,/resources/image/flower-images/potted-plant/potted-plant_12/06.PNG,/resources/image/flower-images/potted-plant/potted-plant_12/07.PNG,/resources/image/flower-images/potted-plant/potted-plant_12/08.PNG,/resources/image/flower-images/potted-plant/potted-plant_12/09.PNG,/resources/image/flower-images/potted-plant/potted-plant_12/10.PNG
130,/resources/image/flower-images/potted-plant/potted-plant_13/01.PNG,/resources/image/flower-images/potted-plant/potted-plant_13/02.PNG,/resources/image/flower-images/potted-plant/potted-plant_13/03.PNG,/resources/image/flower-images/potted-plant/potted-plant_13/04.PNG,/resources/image/flower-images/potted-plant/potted-plant_13/05.PNG,/resources/image/flower-images/potted-plant/potted-plant_13/06.PNG,/resources/image/flower-images/potted-plant/potted-plant_13/07.PNG,/resources/image/flower-images/potted-plant/potted-plant_13/08.PNG,/resources/image/flower-images/potted-plant/potted-plant_13/09.PNG,/resources/image/flower-images/potted-plant/potted-plant_13/10.PNG
131,/resources/image/flower-images/potted-plant/potted-plant_14/01.PNG,/resources/image/flower-images/potted-plant/potted-plant_14/02.PNG,/resources/image/flower-images/potted-plant/potted-plant_14/03.PNG,/resources/image/flower-images/potted-plant/potted-plant_14/04.PNG,/resources/image/flower-images/potted-plant/potted-plant_14/05.PNG,/resources/image/flower-images/potted-plant/potted-plant_14/06.PNG,/resources/image/flower-images/potted-plant/potted-plant_14/07.PNG,/resources/image/flower-images/potted-plant/potted-plant_14/08.PNG,/resources/image/flower-images/potted-plant/potted-plant_14/09.PNG,/resources/image/flower-images/potted-plant/potted-plant_14/10.PNG
132,/resources/image/flower-images/potted-plant/potted-plant_15/01.PNG,/resources/image/flower-images/potted-plant/potted-plant_15/02.PNG,/resources/image/flower-images/potted-plant/potted-plant_15/03.PNG,/resources/image/flower-images/potted-plant/potted-plant_15/04.PNG,/resources/image/flower-images/potted-plant/potted-plant_15/05.PNG,/resources/image/flower-images/potted-plant/potted-plant_15/06.PNG,/resources/image/flower-images/potted-plant/potted-plant_15/07.PNG,/resources/image/flower-images/potted-plant/potted-plant_15/08.PNG,/resources/image/flower-images/potted-plant/potted-plant_15/09.PNG,/resources/image/flower-images/potted-plant/potted-plant_15/10.PNG
133,/resources/image/flower-images/props/props_01/01.PNG,/resources/image/flower-images/props/props_01/02.PNG,/resources/image/flower-images/props/props_01/03.PNG,/resources/image/flower-images/props/props_01/04.PNG,/resources/image/flower-images/props/props_01/05.PNG,/resources/image/flower-images/props/props_01/06.PNG,/resources/image/flower-images/props/props_01/07.PNG,/resources/image/flower-images/props/props_01/08.PNG,/resources/image/flower-images/props/props_01/09.PNG,/resources/image/flower-images/props/props_01/10.PNG
134,/resources/image/flower-images/props/props_02/01.PNG,/resources/image/flower-images/props/props_02/02.PNG,/resources/image/flower-images/props/props_02/03.PNG,/resources/image/flower-images/props/props_02/04.PNG,/resources/image/flower-images/props/props_02/05.PNG,,,,,
135,/resources/image/flower-images/props/props_03/01.PNG,/resources/image/flower-images/props/props_03/02.PNG,/resources/image/flower-images/props/props_03/03.PNG,/resources/image/flower-images/props/props_03/04.PNG,/resources/image/flower-images/props/props_03/05.PNG,/resources/image/flower-images/props/props_03/06.PNG,,,,
136,/resources/image/flower-images/props/props_04/01.PNG,/resources/image/flower-images/props/props_04/02.PNG,/resources/image/flower-images/props/props_04/03.PNG,/resources/image/flower-images/props/props_04/04.PNG,/resources/image/flower-images/props/props_04/05.PNG,,,,,
137,/resources/image/flower-images/props/props_05/01.PNG,/resources/image/flower-images/props/props_05/02.PNG,/resources/image/flower-images/props/props_05/03.PNG,/resources/image/flower-images/props/props_05/04.PNG,/resources/image/flower-images/props/props_05/05.PNG,,,,,
138,/resources/image/flower-images/props/props_06/01.PNG,/resources/image/flower-images/props/props_06/02.PNG,/resources/image/flower-images/props/props_06/03.PNG,/resources/image/flower-images/props/props_06/04.PNG,/resources/image/flower-images/props/props_06/05.PNG,,,,,
139,/resources/image/flower-images/props/props_07/01.PNG,/resources/image/flower-images/props/props_07/02.PNG,/resources/image/flower-images/props/props_07/03.PNG,/resources/image/flower-images/props/props_07/04.PNG,/resources/image/flower-images/props/props_07/05.PNG,,,,,
140,/resources/image/flower-images/props/props_08/01.PNG,/resources/image/flower-images/props/props_08/02.PNG,/resources/image/flower-images/props/props_08/03.PNG,/resources/image/flower-images/props/props_08/04.PNG,/resources/image/flower-images/props/props_08/05.PNG,,,,,
141,/resources/image/flower-images/props/props_09/01.PNG,/resources/image/flower-images/props/props_09/02.PNG,/resources/image/flower-images/props/props_09/03.PNG,/resources/image/flower-images/props/props_09/04.PNG,/resources/image/flower-images/props/props_09/05.PNG,,,,,
142,/resources/image/flower-images/props/props_10/01.PNG,/resources/image/flower-images/props/props_10/02.PNG,/resources/image/flower-images/props/props_10/03.PNG,/resources/image/flower-images/props/props_10/04.PNG,/resources/image/flower-images/props/props_10/05.PNG,,,,,
143,/resources/image/flower-images/props/props_11/01.PNG,/resources/image/flower-images/props/props_11/02.PNG,/resources/image/flower-images/props/props_11/03.PNG,/resources/image/flower-images/props/props_11/04.PNG,/resources/image/flower-images/props/props_11/05.PNG,,,,,
144,/resources/image/flower-images/props/props_12/01.PNG,/resources/image/flower-images/props/props_12/02.PNG,/resources/image/flower-images/props/props_12/03.PNG,/resources/image/flower-images/props/props_12/04.PNG,/resources/image/flower-images/props/props_12/05.PNG,,,,,
145,/resources/image/flower-images/props/props_13/01.PNG,/resources/image/flower-images/props/props_13/02.PNG,/resources/image/flower-images/props/props_13/03.PNG,/resources/image/flower-images/props/props_13/04.PNG,/resources/image/flower-images/props/props_13/05.PNG,,,,,
146,/resources/image/flower-images/props/props_14/01.PNG,/resources/image/flower-images/props/props_14/02.PNG,/resources/image/flower-images/props/props_14/03.PNG,/resources/image/flower-images/props/props_14/04.PNG,/resources/image/flower-images/props/props_14/05.PNG,/resources/image/flower-images/props/props_14/06.PNG,,,,
147,/resources/image/flower-images/props/props_15/01.PNG,/resources/image/flower-images/props/props_15/02.PNG,/resources/image/flower-images/props/props_15/03.PNG,/resources/image/flower-images/props/props_15/04.PNG,/resources/image/flower-images/props/props_15/05.PNG,,,,,
148,/resources/image/flower-images/succulent-plant/succulent-plant_01/01.PNG,/resources/image/flower-images/succulent-plant/succulent-plant_01/02.PNG,/resources/image/flower-images/succulent-plant/succulent-plant_01/03.PNG,/resources/image/flower-images/succulent-plant/succulent-plant_01/04.PNG,/resources/image/flower-images/succulent-plant/succulent-plant_01/05.PNG,/resources/image/flower-images/succulent-plant/succulent-plant_01/06.PNG,,,,
149,/resources/image/flower-images/succulent-plant/succulent-plant_02/01.PNG,/resources/image/flower-images/succulent-plant/succulent-plant_02/02.PNG,/resources/image/flower-images/succulent-plant/succulent-plant_02/03.PNG,/resources/image/flower-images/succulent-plant/succulent-plant_02/04.PNG,/resources/image/flower-images/succulent-plant/succulent-plant_02/05.PNG,/resources/image/flower-images/succulent-plant/succulent-plant_02/06.PNG,/resources/image/flower-images/succulent-plant/succulent-plant_02/07.PNG,/resources/image/flower-images/succulent-plant/succulent-plant_02/08.PNG,,
150,/resources/image/flower-images/succulent-plant/succulent-plant_03/01.PNG,/resources/image/flower-images/succulent-plant/succulent-plant_03/02.PNG,/resources/image/flower-images/succulent-plant/succulent-plant_03/03.PNG,/resources/image/flower-images/succulent-plant/succulent-plant_03/04.PNG,/resources/image/flower-images/succulent-plant/succulent-plant_03/05.PNG,/resources/image/flower-images/succulent-plant/succulent-plant_03/06.PNG,,,,
151,/resources/image/flower-images/succulent-plant/succulent-plant_04/01.PNG,/resources/image/flower-images/succulent-plant/succulent-plant_04/02.PNG,/resources/image/flower-images/succulent-plant/succulent-plant_04/03.PNG,/resources/image/flower-images/succulent-plant/succulent-plant_04/04.PNG,/resources/image/flower-images/succulent-plant/succulent-plant_04/05.PNG,/resources/image/flower-images/succulent-plant/succulent-plant_04/06.PNG,,,,
152,/resources/image/flower-images/succulent-plant/succulent-plant_05/01.PNG,/resources/image/flower-images/succulent-plant/succulent-plant_05/02.PNG,/resources/image/flower-images/succulent-plant/succulent-plant_05/03.PNG,/resources/image/flower-images/succulent-plant/succulent-plant_05/04.PNG,/resources/image/flower-images/succulent-plant/succulent-plant_05/05.PNG,/resources/image/flower-images/succulent-plant/succulent-plant_05/06.PNG,/resources/image/flower-images/succulent-plant/succulent-plant_05/07.PNG,/resources/image/flower-images/succulent-plant/succulent-plant_05/08.PNG,,
153,/resources/image/flower-images/succulent-plant/succulent-plant_06/01.PNG,/resources/image/flower-images/succulent-plant/succulent-plant_06/02.PNG,/resources/image/flower-images/succulent-plant/succulent-plant_06/03.PNG,/resources/image/flower-images/succulent-plant/succulent-plant_06/04.PNG,/resources/image/flower-images/succulent-plant/succulent-plant_06/05.PNG,/resources/image/flower-images/succulent-plant/succulent-plant_06/06.PNG,/resources/image/flower-images/succulent-plant/succulent-plant_06/07.PNG,/resources/image/flower-images/succulent-plant/succulent-plant_06/08.PNG,/resources/image/flower-images/succulent-plant/succulent-plant_06/09.PNG,
154,/resources/image/flower-images/succulent-plant/succulent-plant_07/01.PNG,/resources/image/flower-images/succulent-plant/succulent-plant_07/02.PNG,/resources/image/flower-images/succulent-plant/succulent-plant_07/03.PNG,/resources/image/flower-images/succulent-plant/succulent-plant_07/04.PNG,/resources/image/flower-images/succulent-plant/succulent-plant_07/05.PNG,/resources/image/flower-images/succulent-plant/succulent-plant_07/06.PNG,/resources/image/flower-images/succulent-plant/succulent-plant_07/07.PNG,/resources/image/flower-images/succulent-plant/succulent-plant_07/08.PNG,/resources/image/flower-images/succulent-plant/succulent-plant_07/09.PNG,
155,/resources/image/flower-images/succulent-plant/succulent-plant_08/01.PNG,/resources/image/flower-images/succulent-plant/succulent-plant_08/02.PNG,/resources/image/flower-images/succulent-plant/succulent-plant_08/03.PNG,/resources/image/flower-images/succulent-plant/succulent-plant_08/04.PNG,/resources/image/flower-images/succulent-plant/succulent-plant_08/05.PNG,/resources/image/flower-images/succulent-plant/succulent-plant_08/06.PNG,/resources/image/flower-images/succulent-plant/succulent-plant_08/07.PNG,/resources/image/flower-images/succulent-plant/succulent-plant_08/08.PNG,/resources/image/flower-images/succulent-plant/succulent-plant_08/09.PNG,
156,/resources/image/flower-images/succulent-plant/succulent-plant_09/01.PNG,/resources/image/flower-images/succulent-plant/succulent-plant_09/02.PNG,/resources/image/flower-images/succulent-plant/succulent-plant_09/03.PNG,/resources/image/flower-images/succulent-plant/succulent-plant_09/04.PNG,/resources/image/flower-images/succulent-plant/succulent-plant_09/05.PNG,/resources/image/flower-images/succulent-plant/succulent-plant_09/06.PNG,/resources/image/flower-images/succulent-plant/succulent-plant_09/07.PNG,/resources/image/flower-images/succulent-plant/succulent-plant_09/08.PNG,,
157,/resources/image/flower-images/succulent-plant/succulent-plant_10/01.PNG,/resources/image/flower-images/succulent-plant/succulent-plant_10/02.PNG,/resources/image/flower-images/succulent-plant/succulent-plant_10/03.PNG,/resources/image/flower-images/succulent-plant/succulent-plant_10/04.PNG,/resources/image/flower-images/succulent-plant/succulent-plant_10/05.PNG,/resources/image/flower-images/succulent-plant/succulent-plant_10/06.PNG,/resources/image/flower-images/succulent-plant/succulent-plant_10/07.PNG,,,
158,/resources/image/flower-images/succulent-plant/succulent-plant_11/01.PNG,/resources/image/flower-images/succulent-plant/succulent-plant_11/02.PNG,/resources/image/flower-images/succulent-plant/succulent-plant_11/03.PNG,/resources/image/flower-images/succulent-plant/succulent-plant_11/04.PNG,/resources/image/flower-images/succulent-plant/succulent-plant_11/05.PNG,,,,,
159,/resources/image/flower-images/succulent-plant/succulent-plant_12/01.PNG,/resources/image/flower-images/succulent-plant/succulent-plant_12/02.PNG,/resources/image/flower-images/succulent-plant/succulent-plant_12/03.PNG,/resources/image/flower-images/succulent-plant/succulent-plant_12/04.PNG,/resources/image/flower-images/succulent-plant/succulent-plant_12/05.PNG,,,,,
160,/resources/image/flower-images/succulent-plant/succulent-plant_13/01.PNG,/resources/image/flower-images/succulent-plant/succulent-plant_13/02.PNG,/resources/image/flower-images/succulent-plant/succulent-plant_13/03.PNG,/resources/image/flower-images/succulent-plant/succulent-plant_13/04.PNG,/resources/image/flower-images/succulent-plant/succulent-plant_13/05.PNG,,,,,
161,/resources/image/flower-images/succulent-plant/succulent-plant_14/01.PNG,/resources/image/flower-images/succulent-plant/succulent-plant_14/02.PNG,/resources/image/flower-images/succulent-plant/succulent-plant_14/03.PNG,/resources/image/flower-images/succulent-plant/succulent-plant_14/04.PNG,/resources/image/flower-images/succulent-plant/succulent-plant_14/05.PNG,/resources/image/flower-images/succulent-plant/succulent-plant_14/06.PNG,/resources/image/flower-images/succulent-plant/succulent-plant_14/07.PNG,,,
162,/resources/image/flower-images/succulent-plant/succulent-plant_15/01.PNG,/resources/image/flower-images/succulent-plant/succulent-plant_15/02.PNG,/resources/image/flower-images/succulent-plant/succulent-plant_15/03.PNG,/resources/image/flower-images/succulent-plant/succulent-plant_15/04.PNG,/resources/image/flower-images/succulent-plant/succulent-plant_15/05.PNG,/resources/image/flower-images/succulent-plant/succulent-plant_15/06.PNG,/resources/image/flower-images/succulent-plant/succulent-plant_15/07.PNG,/resources/image/flower-images/succulent-plant/succulent-plant_15/08.PNG,,
163,/resources/image/flower-images/western-orchid/western-orchid_01/01.PNG,/resources/image/flower-images/western-orchid/western-orchid_01/02.PNG,/resources/image/flower-images/western-orchid/western-orchid_01/03.PNG,/resources/image/flower-images/western-orchid/western-orchid_01/04.PNG,/resources/image/flower-images/western-orchid/western-orchid_01/05.PNG,/resources/image/flower-images/western-orchid/western-orchid_01/06.PNG,,,,
164,/resources/image/flower-images/western-orchid/western-orchid_02/01.PNG,/resources/image/flower-images/western-orchid/western-orchid_02/02.PNG,/resources/image/flower-images/western-orchid/western-orchid_02/03.PNG,/resources/image/flower-images/western-orchid/western-orchid_02/04.PNG,/resources/image/flower-images/western-orchid/western-orchid_02/05.PNG,/resources/image/flower-images/western-orchid/western-orchid_02/06.PNG,,,,
165,/resources/image/flower-images/western-orchid/western-orchid_03/01.PNG,/resources/image/flower-images/western-orchid/western-orchid_03/02.PNG,/resources/image/flower-images/western-orchid/western-orchid_03/03.PNG,/resources/image/flower-images/western-orchid/western-orchid_03/04.PNG,/resources/image/flower-images/western-orchid/western-orchid_03/05.PNG,/resources/image/flower-images/western-orchid/western-orchid_03/06.PNG,,,,
166,/resources/image/flower-images/western-orchid/western-orchid_04/01.PNG,/resources/image/flower-images/western-orchid/western-orchid_04/02.PNG,/resources/image/flower-images/western-orchid/western-orchid_04/03.PNG,/resources/image/flower-images/western-orchid/western-orchid_04/04.PNG,/resources/image/flower-images/western-orchid/western-orchid_04/05.PNG,/resources/image/flower-images/western-orchid/western-orchid_04/06.PNG,,,,
167,/resources/image/flower-images/western-orchid/western-orchid_05/01.PNG,/resources/image/flower-images/western-orchid/western-orchid_05/02.PNG,/resources/image/flower-images/western-orchid/western-orchid_05/03.PNG,/resources/image/flower-images/western-orchid/western-orchid_05/04.PNG,/resources/image/flower-images/western-orchid/western-orchid_05/05.PNG,/resources/image/flower-images/western-orchid/western-orchid_05/06.PNG,/resources/image/flower-images/western-orchid/western-orchid_05/07.PNG,/resources/image/flower-images/western-orchid/western-orchid_05/08.PNG,,
168,/resources/image/flower-images/western-orchid/western-orchid_06/01.PNG,/resources/image/flower-images/western-orchid/western-orchid_06/02.PNG,/resources/image/flower-images/western-orchid/western-orchid_06/03.PNG,/resources/image/flower-images/western-orchid/western-orchid_06/04.PNG,/resources/image/flower-images/western-orchid/western-orchid_06/05.PNG,,,,,
169,/resources/image/flower-images/western-orchid/western-orchid_07/01.PNG,/resources/image/flower-images/western-orchid/western-orchid_07/02.PNG,/resources/image/flower-images/western-orchid/western-orchid_07/03.PNG,/resources/image/flower-images/western-orchid/western-orchid_07/04.PNG,/resources/image/flower-images/western-orchid/western-orchid_07/05.PNG,/resources/image/flower-images/western-orchid/western-orchid_07/06.PNG,/resources/image/flower-images/western-orchid/western-orchid_07/07.PNG,,,
170,/resources/image/flower-images/western-orchid/western-orchid_08/01.PNG,/resources/image/flower-images/western-orchid/western-orchid_08/02.PNG,/resources/image/flower-images/western-orchid/western-orchid_08/03.PNG,/resources/image/flower-images/western-orchid/western-orchid_08/04.PNG,/resources/image/flower-images/western-orchid/western-orchid_08/05.PNG,,,,,
171,/resources/image/flower-images/western-orchid/western-orchid_09/01.PNG,/resources/image/flower-images/western-orchid/western-orchid_09/02.PNG,/resources/image/flower-images/western-orchid/western-orchid_09/03.PNG,/resources/image/flower-images/western-orchid/western-orchid_09/04.PNG,/resources/image/flower-images/western-orchid/western-orchid_09/05.PNG,/resources/image/flower-images/western-orchid/western-orchid_09/06.PNG,,,,
172,/resources/image/flower-images/western-orchid/western-orchid_10/01.PNG,/resources/image/flower-images/western-orchid/western-orchid_10/02.PNG,/resources/image/flower-images/western-orchid/western-orchid_10/03.PNG,/resources/image/flower-images/western-orchid/western-orchid_10/04.PNG,/resources/image/flower-images/western-orchid/western-orchid_10/05.PNG,,,,,
173,/resources/image/flower-images/western-orchid/western-orchid_11/01.PNG,/resources/image/flower-images/western-orchid/western-orchid_11/02.PNG,/resources/image/flower-images/western-orchid/western-orchid_11/03.PNG,/resources/image/flower-images/western-orchid/western-orchid_11/04.PNG,/resources/image/flower-images/western-orchid/western-orchid_11/05.PNG,/resources/image/flower-images/western-orchid/western-orchid_11/06.PNG,,,,
174,/resources/image/flower-images/western-orchid/western-orchid_12/01.PNG,/resources/image/flower-images/western-orchid/western-orchid_12/02.PNG,/resources/image/flower-images/western-orchid/western-orchid_12/03.PNG,/resources/image/flower-images/western-orchid/western-orchid_12/04.PNG,/resources/image/flower-images/western-orchid/western-orchid_12/05.PNG,/resources/image/flower-images/western-orchid/western-orchid_12/06.PNG,,,,
175,/resources/image/flower-images/western-orchid/western-orchid_13/01.PNG,/resources/image/flower-images/western-orchid/western-orchid_13/02.PNG,/resources/image/flower-images/western-orchid/western-orchid_13/03.PNG,/resources/image/flower-images/western-orchid/western-orchid_13/04.PNG,/resources/image/flower-images/western-orchid/western-orchid_13/05.PNG,,,,,
176,/resources/image/flower-images/western-orchid/western-orchid_14/01.PNG,/resources/image/flower-images/western-orchid/western-orchid_14/02.PNG,/resources/image/flower-images/western-orchid/western-orchid_14/03.PNG,/resources/image/flower-images/western-orchid/western-orchid_14/04.PNG,/resources/image/flower-images/western-orchid/western-orchid_14/05.PNG,,,,,
177,/resources/image/flower-images/western-orchid/western-orchid_15/01.PNG,/resources/image/flower-images/western-orchid/western-orchid_15/02.PNG,/resources/image/flower-images/western-orchid/western-orchid_15/03.PNG,/resources/image/flower-images/western-orchid/western-orchid_15/04.PNG,/resources/image/flower-images/western-orchid/western-orchid_15/05.PNG,,,,,